"idproducto","nombre","marca","precio_compra","precio_distribucion","categoria_id","familia_id","subfamilia_id","image_url","ubicacion_1","ubicacion_2","ubicacion_3"
"2","PROCESADOR RYZEN 5 5600G (AM4)(DDR4)","AMD","599.00","0.00","1","1","3","images/PROCESADOR_RYZEN_5_5600G__AM4__1759391617.jpg",NULL,NULL,NULL
"4","PROCESADOR INTEL CORE I7 12700KF (LGA1700)(DDR4)(DDR5)","INTEL","625.00","820.00","1","1","4","images/PROCESADOR_INTEL_CORE_I7_12700KF__LGA1700__1759428863.jpg",NULL,NULL,NULL
"5","PROCESADOR AMD RYZEN 5 8500G (AM5)(DDR5)","AMD","530.00","550.00","1","1","3","images/PROCESADOR_AMD_RYZEN_5_8500G__AM5__1759429091.png","PCGOES","CALEX","TACTEX"
"7","PROCESADOR INTEL CORE i7 14700k (LGA 1700)(DDR4)(DDR5)","INTEL","1550.00","0.00","1","1","4","images/PROCESADOR_INTEL_CORE_i7_14700k__LGA_1700___1759429153.png",NULL,NULL,NULL
"9","PROCESADOR RYZEN 5 5600X (OEM) (AM4)(DDR4)","AMD","510.00","0.00","1","1","3","images/PROCESADOR_RYZEN_5_5600X__OEM___AM4__1759518927.png",NULL,NULL,NULL
"10","PLACA MADRE ASROCK B760M PG LIGHTNING","ASROCK","436.00","0.00","1","4",NULL,"images/PLACA_MADRE_ASROCK_B760M_PG_LIGHTNING_1759519087.png",NULL,NULL,NULL
"11","PLACA MADRE B860 GIGABYTE GAMING X WIFI6E - INTEL LGA 1851","GIGABYTE","720.00","0.00","1","4",NULL,"images/PLACA_MADRE_B860_GIGABYTE_GAMING_X_WIFI6E_-_INTEL_LGA_1851_1759429249.png",NULL,NULL,NULL
"12","PLACA MADRE ASUS PRIME A520M-K (AM4) (DDR4)","ASUS","231.99","0.00","1","4",NULL,"images/PLACA_MADRE_ASUS_PRIME_A520M-K__AM4___DDR4__1759519155.png",NULL,NULL,NULL
"13","PLACA MADRE GIGABYTE B650M GAMING PLUS WIFI (DDR5)","GIGABYTE","503.00","0.00","1","4","18","images/PLACA_MADRE_GIGABYTE_B650M_GAMING_PLUS_WIFI__DDR5__1759519229.png",NULL,NULL,NULL
"14","MBB PLACA CGMS B450 ROG GAMING X DDR4","ROG GAMING","185.00","192.00","1","4",NULL,"images/MBB_PLACA_CGMS_B450_ROG_GAMING_X_DDR4_1759429321.png",NULL,NULL,NULL
"15","PLACA MADRE ASUS AMD AM4 B550M-A AC WIFI BT AURA","ASUS","388.00","0.00","1","4",NULL,"images/PLACA_MADRE_ASUS_AMD_AM4_B550M-A_AC_WIFI_BT_AURA_1759520703.png",NULL,NULL,NULL
"16","PLACA MADRE GIGABYTE, AMD AM5 B650M GIGABYTE D3HP","GIGABYTE","420.00","0.00","1","4",NULL,"images/PLACA_MADRE_GIGABYTE__AMD_AM5_B650M_GIGABYTE_D3HP_1759520723.png",NULL,NULL,NULL
"17","PROCESADOR RYZEN 7 8700G (AM5)(DDR5)","AMD","1046.00","0.00","1","1","3","images/PROCESADOR_RYZEN_7_8700G__AM5__1759429391.png",NULL,NULL,NULL
"21","Placa-Madre NZXT Z790","NZXT","850.00","0.00","1","4",NULL,"images/Placa-Madre_NZXT_Z790_1759429434.png",NULL,NULL,NULL
"22","PLACA MADRE ASROCK X670E PG LIGHTNING (AM5) (DDR5)","ASROCK","1018.98","0.00","1","4",NULL,"images/PLACA_MADRE_ASROCK_X670E_PG_LIGHTNING__AM5___DDR5__1759520757.png",NULL,NULL,NULL
"24","PLACA MADRE GIGABYTE X870 GAMING WIFI6 1.0 AMD ATX (AM5) (DDR5)","GIGABYTE","910.20","0.00","1","4",NULL,"images/PLACA_MADRE_GIGABYTE_X870_GAMING_WIFI6_1_0_AMD_ATX__AM5___DDR5__1759429528.png",NULL,NULL,NULL
"25","PLACA MADRE GIGABYTE Z790 AORUS ELITE AX (LGA1700) (DDR5)","GIGABYTE","886.89","0.00","1","4",NULL,"images/PLACA_MADRE_GIGABYTE_Z790_AORUS_ELITE_AX__LGA1700___DDR5__1759520797.png",NULL,NULL,NULL
"26","PLACA MADRE ASUS TUF GAMING B760 PLUS WIFI (DDR5) (LGA1700)","ASUS","685.00","0.00","1","4",NULL,"images/PLACA_MADRE_ASUS_TUF_GAMING_B760_PLUS_WIFI__DDR5___LGA1700__1759520879.png",NULL,NULL,NULL
"27","PLACA MADRE MSI B760 GAMING PLUS WIFI (LGA1700) (DDR5)","MSI","720.39","0.00","1","4",NULL,"images/PLACA_MADRE_MSI_B760_GAMING_PLUS_WIFI__LGA1700___DDR5__1759520955.png",NULL,NULL,NULL
"28","PLACA MADRE ASUS PRIME B760M-A AX6 II SVL WIFI (LGA1700) (DDR5)","ASUS","602.00","0.00","1","4",NULL,"images/PLACA_MADRE_ASUS_PRIME_B760M-A_AX6_II_SVL_WIFI__LGA1700___DDR5__1759521038.png",NULL,NULL,NULL
"29","PLACA MADRE GIGABYTE B650M D3HP-AX WIFI (AM5) (DDR5)","GIGABYTE","534.00","0.00","1","4",NULL,"images/PLACA_MADRE_GIGABYTE_B650M_D3HP-AX_WIFI__AM5___DDR5__1759521077.png",NULL,NULL,NULL
"30","PLACA MADRE ASUS PRIME B760M-A-CSM (LGA1700) (DDR5)","ASUS","375.00","435.00","1","4",NULL,"images/PLACA_MADRE_ASUS_PRIME_B760M-A-CSM__LGA1700___DDR5__1759521236.png",NULL,NULL,NULL
"31","PLACA MADRE ASROCK B650M-H/M.2+ (DDR5) (AM5)","ASROCK","473.00","0.00","1","4",NULL,"images/PLACA_MADRE_ASROCK_B650M-H_M_2___DDR5___AM5__1759521313.png",NULL,NULL,NULL
"32","PLACA MADRE ASUS PRIME B760M-A SVL (LGA1700) (DDR5)","ASUS","465.00","0.00","1","4",NULL,"images/PLACA_MADRE_ASUS_PRIME_B760M-A_SVL__LGA1700___DDR5__1759521326.png",NULL,NULL,NULL
"33","PROCESADOR RYZEN 7800X3D (AM5)(DDR5)","AMD","1980.00","0.00","1","1","3","images/PROCESADOR_RYZEN_7800X3D__AM5__1759429585.png",NULL,NULL,NULL
"34","PLACA MADRE ASROCK B760M PG LIGHTNING (DDR5) (LGA1700)","ASROCK","449.55","0.00","1","4",NULL,"images/PLACA_MADRE_ASROCK_B760M_PG_LIGHTNING__DDR5___LGA1700__1759521345.png",NULL,NULL,NULL
"35","PLACA MADRE GIGABYTE B760M GAMING PLUS WIFI (LGA1700) (DDR4)","GIGABYTE","447.33","0.00","1","4",NULL,"images/PLACA_MADRE_GIGABYTE_B760M_GAMING_PLUS_WIFI__LGA1700___DDR4__1759521588.png",NULL,NULL,NULL
"36","PLACA MADRE MSI PRO B760M-P (LGA1700) (DDR4)","MSI","329.00","337.00","1","4",NULL,"images/PLACA_MADRE_MSI_PRO_B760M-P__LGA1700___DDR4__1759521609.png",NULL,NULL,NULL
"37","PLACA MADRE GIGABYTE H610M K SVL V2 (LGA1700) (DDR5)","GIGABYTE","316.00","0.00","1","4",NULL,"images/PLACA_MADRE_GIGABYTE_H610M_K_SVL_V2__LGA1700___DDR5__1759521630.png",NULL,NULL,NULL
"38","PLACA MADRE MSI A520M – A PRO (AM4) (DDR4)","MSI","205.35","0.00","1","4",NULL,"images/PLACA_MADRE_MSI_A520M_____A_PRO__AM4___DDR4__1759521704.png",NULL,NULL,NULL
"39","PLACA MSI MPG Z790 EDGE TI MAX WIFI DDR5 LGA 1700","MSI","1050.00","0.00","1","4",NULL,"images/PLACA_MSI_MPG_Z790_EDGE_TI_MAX_WIFI_DDR5_LGA_1700_1759521839.png",NULL,NULL,NULL
"40","PLACA MSI MPG Z790 EDGE TI MAX WIFI DDR5 LGA 1700","MSI","1050.00","0.00","1","4",NULL,"images/PLACA_MSI_MPG_Z790_EDGE_TI_MAX_WIFI_DDR5_LGA_1700_1759521811.png",NULL,NULL,NULL
"41","PROCESADOR RYZEN 7 8700F OEM S/COOLER (AM5)(DDR5)","AMD","970.00","0.00","1","1","3","images/PROCESADOR_RYZEN_7_8700F_OEM_S_COOLER__AM5__1759521862.png",NULL,NULL,NULL
"42","Gigabyte B550M DS3H AC","GIGABYTE","325.00","0.00","1","4",NULL,"images/Gigabyte_B550M_DS3H_AC_1759429835.png",NULL,NULL,NULL
"43","Motherboard MSI B650M GAMING PLUS WIFI B650 Socket AMD AM5 mATX","MSI","650.00","0.00","1","4",NULL,"images/Motherboard_MSI_B650M_GAMING_PLUS_WIFI_B650_Socket_AMD_AM5_mATX_1759429954.png",NULL,NULL,NULL
"44","PLACA GIGABYTE B760M GAMING PLUS WIFI DDR4 INTEL LGA 1700:","GIGABYTE","485.00","0.00","1","4",NULL,"images/PLACA_GIGABYTE_B760M_GAMING_PLUS_WIFI_DDR4_INTEL_LGA_1700__1759429979.png",NULL,NULL,NULL
"45","PLACA MADRE ASROCK H610M-HDV LGA 1700, 12VA 13 VA ,14 VA","ASROCK","275.00","0.00","1","4",NULL,"images/PLACA_MADRE_ASROCK_H610M-HDV_LGA_1700__12VA_13_VA__14_VA_1759521968.png",NULL,NULL,NULL
"46","PLACA MADRE GIGABYTE B760M D3HP (DDR5) (LGA1700)","GIGABYTE","390.00","0.00","1","4","16","images/PLACA_MADRE_GIGABYTE_B760M_D3HP_WIFI6__DDR5___LGA1700__1759430376.png",NULL,NULL,NULL
"47","PROCESADOR RYZEN 5 8600G (AM5)(DDR5)","AMD","690.00","0.00","1","1","3","images/PROCESADOR_RYZEN_5_8600G__AM5__1759521985.png",NULL,NULL,NULL
"48","PLACA MADRE MSI B550M PRO VDH WIFI (AM4) (DDR4)","MSI","372.96","0.00","1","4",NULL,"images/PLACA_MADRE_MSI_B550M_PRO_VDH_WIFI__AM4___DDR4__1759430348.png",NULL,NULL,NULL
"49","PROCESADOR RYZEN 7 5700G (AM4)(DDR4)","AMD","584.00","0.00","1","1","3","images/PROCESADOR_RYZEN_7_5700G__AM4__1759430313.png",NULL,NULL,NULL
"50","PROCESADOR RYZEN 5 5600GT (AM4)(DDR4)","AMD","520.00","0.00","1","1","3","images/PROCESADOR_RYZEN_5_5600GT__AM4__1759522011.png",NULL,NULL,NULL
"51","MSI, B550M-A PRO(AM4)(DDR4)","MSI","320.00","0.00","1","4",NULL,"images/MSI__B550M-A_PRO_AM4__DDR4__1759522023.png",NULL,NULL,NULL
"52","MAINBOARD MSI PRO A620M-E (AM5)(DDR5)","MSI","309.00","0.00","1","4",NULL,"images/MAINBOARD_MSI_PRO_A620M-E__AM5__DDR5__1759430295.png",NULL,NULL,NULL
"53","PROCESADOR RYZEN 7 5800X (AM4)(DDR4)","AMD","815.00","0.00","1","1","3","images/PROCESADOR_RYZEN_7_5800X__AM4__1759430280.png",NULL,NULL,NULL
"54","PROCESADOR RYZEN 7 5700X (AM4)(DDR4)","AMD","500.00","580.00","1","1","3","images/PROCESADOR_RYZEN_7_5700X__AM4__1759430265.png",NULL,NULL,NULL
"55","Placa Madre Msi B650m Gaming Wifi (AM5)(DDR5)","MSI","475.00","0.00","1","4",NULL,"images/Placa_Madre_Msi_B650m_Gaming_Wifi__AM5__DDR5__1759430238.png",NULL,NULL,NULL
"56","PLACA MADRE BIOSTAR H610MHP (LGA 1700) (DDR4)","BIOSTAR","251.00","0.00","1","4",NULL,"images/PLACA_MADRE_BIOSTAR_H610MHP__LGA_1700___DDR4__1759437261.png",NULL,NULL,NULL
"57","PLACA MADRE GIGABYTE B760M-E S/V/L (LGA 1700) (DDR5)","GIGABYTE","385.00","0.00","1","4",NULL,"images/PLACA_MADRE_GIGABYTE_B760M-E_S_V_L__LGA_1700___DDR5__1759437240.png",NULL,NULL,NULL
"58","PROCESADOR RYZEN 3 3200G (AM4)(DDR4)","AMD","255.00","0.00","1","1","3","images/PROCESADOR_RYZEN_3_3200G__AM4__1759437219.png",NULL,NULL,NULL
"59","PLACA MADRE MSI PRO Z790-P WIFI (LGA 1700) (DDR5)","MSI","798.00","0.00","1","4",NULL,"images/PLACA_MADRE_MSI_PRO_Z790-P_WIFI__LGA_1700___DDR5__1759437197.png",NULL,NULL,NULL
"60","PLACA MADRE ASROCK B650M PRO RS (AM5)(DDR5)","ASROCK","690.00","0.00","1","4",NULL,"images/PLACA_MADRE_ASROCK_B650M_PRO_RS__AM5__DDR5__1759522232.png",NULL,NULL,NULL
"61","PROCESADOR RYZEN 5 5500 (AM4)(DDR4)","Ryzen","288.00","0.00","1","1","3","images/PROCESADOR_RYZEN_5_5500__AM4__1759437056.png","PCGOES","CALEX","TACTEX"
"62","PLACA MADRE ASUS PRIME B650M-II (AM5)(DDR5)","ASUS","535.00","0.00","1","4",NULL,"images/PLACA_MADRE_ASUS_PRIME_B650M-II__AM5__DDR5__1759522251.png",NULL,NULL,NULL
"63","PLACA MADRE GIGABYTE B760M D3HP WIFI6 (LGA 1700) (DDR4)","GIGABYTE","518.00","0.00","1","4",NULL,"images/PLACA_MADRE_GIGABYTE_B760M_D3HP_WIFI6__LGA_1700___DDR4__1759522264.png",NULL,NULL,NULL
"64","PLACA MADRE GIGABYTE B760M GAMING PLUS WIFI (LGA 1700) (DDR5)","GIGABYTE","488.00","0.00","1","4",NULL,"images/PLACA_MADRE_GIGABYTE_B760M_GAMING_PLUS_WIFI__LGA_1700___DDR5__1759437038.png",NULL,NULL,NULL
"65","PROCESADOR RYZEN 7 5800XT (AM4)(DDR4)","AMD","800.00","0.00","1","1","3","images/PROCESADOR_RYZEN_7_5800XT__AM4__1759437011.png",NULL,NULL,NULL
"66","PLACA MADRE MSI B760M-P PRO (LGA 1700) (DDR5)","MSI","473.00","0.00","1","4",NULL,"images/PLACA_MADRE_MSI_B760M-P_PRO__LGA_1700___DDR5__1759522424.png",NULL,NULL,NULL
"67","PLACA MADRE ASROCK B550 PHANTOM GAMING 4/AC (AM4)(DDR4)","ASROCK","456.00","0.00","1","4",NULL,"images/PLACA_MADRE_ASROCK_B550_PHANTOM_GAMING_4_AC__AM4__DDR4__1759522443.png",NULL,NULL,NULL
"68","PLACA MADRE GIGABYTE B760M D3HP (LGA 1700) (DDR4)","GIGABYTE","435.00","0.00","1","4",NULL,"images/PLACA_MADRE_GIGABYTE_B760M_D3HP__LGA_1700___DDR4__1759522460.png",NULL,NULL,NULL
"69","PLACA MADRE GIGABYTE H610M K (LGA 1700) (DDR4)","GIGABYTE","298.00","0.00","1","4",NULL,"images/PLACA_MADRE_GIGABYTE_H610M_K__LGA_1700___DDR4__1759522475.png",NULL,NULL,NULL
"70","PLACA MADRE GIGABYTE A520M-K V2 (AM4)(DDR4)","GIGABYTE","190.00","192.00","1","4","17","images/PLACA_MADRE_GIGABYTE_A520M-K_V2__AM4__DDR4__1759436986.png",NULL,NULL,NULL
"71","PROCESADOR RYZEN 5 9600X (AM5)(DDR5)","AMD","750.00","0.00","1","1","3","images/PROCESADOR_RYZEN_5_9600X__AM5__1759436968.png",NULL,NULL,NULL
"73","PROCESADOR RYZEN 5 7600X (AM5)(DDR5)","AMD","638.75","720.00","1","1","3","images/PROCESADOR_RYZEN_5_7600X__AM5__1759436829.png",NULL,NULL,NULL
"74","PROCESADOR INTEL CORE i9 13900K (LGA 1700)(DDR4)(DDR5)","INTEL","1845.00","0.00","1","1","4","images/PROCESADOR_INTEL_CORE_i9_13900K__LGA_1700__1759436802.png",NULL,NULL,NULL
"75","PROCESADOR INTEL CORE i7 13700F (LGA 1700)(DDR4)(DDR5)","INTEL","1325.00","0.00","1","1","4","images/PROCESADOR_INTEL_CORE_i7_13700F__LGA_1700__1759436747.png",NULL,NULL,NULL
"76","PROCESADOR INTEL CORE i5 12400 (LGA 1700)(DDR4)(DDR5)","INTEL","630.00","0.00","1","1","4","images/PROCESADOR_INTEL_CORE_i5_12400__LGA_1700__1759436729.png",NULL,NULL,NULL
"77","PROCESADOR INTEL CORE i5 14400F (LGA 1700)(DDR4)(DDR5)","INTEL","510.00","525.00","1","1","4","images/PROCESADOR_INTEL_CORE_i5_14400F__LGA_1700__1759436408.png",NULL,NULL,NULL
"78","PROCESADOR INTEL CORE i5 12400F (LGA 1700)(DDR4)(DDR5)","INTEL","490.00","0.00","1","1","4","images/PROCESADOR_INTEL_CORE_i5_12400F__LGA_1700__1759436635.png",NULL,NULL,NULL
"79","PROCESADOR INTEL CORE i3 13100F (LGA 1700)(DDR4)(DDR5)","INTEL","360.00","0.00","1","1","4","images/PROCESADOR_INTEL_CORE_i3_13100F__LGA_1700__1759436357.png",NULL,NULL,NULL
"80","PROCESADOR INTEL CORE I9 12900K (LGA 1700)(DDR4)(DDR5)","INTEL","1880.00","0.00","1","1",NULL,"images/PROCESADOR_INTEL_CORE_I9_12900K__LGA_1700__1759436043.png",NULL,NULL,NULL
"81","PROCESADOR INTEL CORE I9 12700KF (LGA 1700)(DDR4)(DDR5)","INTEL","1080.00","0.00","1","1","4","images/PROCESADOR_INTEL_CORE_I9_12700KF__LGA_1700__1759435829.png",NULL,NULL,NULL
"82","PROCESADOR INTEL CORE I5 14600KF (LGA 1700)(DDR4)(DDR5)","INTEL","930.00","0.00","1","1","4","images/PROCESADOR_INTEL_CORE_I5_14600KF__LGA_1700__1759435808.png",NULL,NULL,NULL
"83","PROCESADOR INTEL CORE I5 13600K (LGA 1700)(DDR4)(DDR5)","INTEL","1050.00","0.00","1","1","4","images/PROCESADOR_INTEL_CORE_I5_13600K__LGA_1700__1759435789.png",NULL,NULL,NULL
"84","MEMORIA RAM TEAMGROUP T-FORCE DELTA RGB DDR5, 16GB (2x16GB) DDR5-6400MHZ","TEAMGROUP","370.00","460.00","1","2","33","images/MEMORIA_RAM_TEAMGROUP_T-FORCE_DELTA_RGB_DDR5__16GB__2x16GB__DDR5-6000MHz__CL38__1_25V__Blanco_1759435769.png",NULL,NULL,NULL
"86","MEMORIA RAM CORSAIR VENGEANCE RGB 32GB (16GBX2) 6400MHZ DDR5","CORSAIR","559.00","0.00","1","2",NULL,"images/MEMORIA_RAM_CORSAIR_VENGEANCE_RGB_32GB__16GBX2__6400MHZ_DDR5_1759435742.png",NULL,NULL,NULL
"87","MEMORIA RAM adata 8gb ddr5 4800mhz sodimm","ADATA","100.00","0.00","1","2",NULL,"images/MEMORIA_RAM_adata_8gb_ddr5_4800mhz_sodimm_1759434331.png",NULL,NULL,NULL
"88","MEMORIA RAM lexar 8gb ddr4 3200 MHz sodimm","LEXAR","100.00","0.00","1","2","29","images/MEMORIA_RAM_lexar_8gb_ddr4_3200_MHz_sodimm_1759434308.png",NULL,NULL,NULL
"89","MEMORIA RAM HIKSEMI 16gb ddr4 3200 MHz sodimm","HIKSEMI","140.00","0.00","1","2",NULL,"images/MEMORIA_RAM_HIKSEMI_16gb_ddr4_3200_MHz_sodimm_1759434288.png",NULL,NULL,NULL
"90","MEMORIA RAM xpg lancer blade 5600 mhz 16gb ddr5","XPG","182.00","0.00","1","2",NULL,"images/MEMORIA_RAM_xpg_lancer_blade_5600_mhz_16gb_ddr5_1759434251.png",NULL,NULL,NULL
"91","MEMORIA RAM quantum 5600 mhz 16 gb ddr5","QUANTUM","157.00","0.00","1","2",NULL,"images/MEMORIA_RAM_quantum_5600_mhz_16_gb_ddr5_1759522116.png",NULL,NULL,NULL
"92","MEMORIA RAM HIKSEMI 3200 mhz 16 gb ddr4","HIKSEMI","115.00","0.00","1","2","29","images/MEMORIA_RAM_HIKSEMI_3200_mhz_16_gb_ddr4_1759434224.png",NULL,NULL,NULL
"93","MEMORIA RAM XPG 3200 MHZ 8 GB DDR4 sin rgb","XPG","82.00","0.00","1","2",NULL,"images/MEMORIA_RAM_XPG_3200_MHZ_8_GB_DDR4_sin_rgb_1759434177.png",NULL,NULL,NULL
"94","MEMORIA RAM KINGSTON soddim 16 gb ddr4 3200 mhz","KINGSTON","135.00","0.00","1","2",NULL,"images/MEMORIA_RAM_KINGSTON_soddim_16_gb_ddr4_3200_mhz_1759431035.png",NULL,NULL,NULL
"95","MEMORIA RAM kingston laptop sodimm 8gb ddr4 3200 mhz","KINGSTON","75.00","0.00","1","2",NULL,"images/MEMORIA_RAM_kingston_laptop_sodimm_8gb_ddr4_3200_mhz_1759434142.png",NULL,NULL,NULL
"96","MEMORIA RAM xpg 3200 MHZ 8 GB DDR4 RGB","XPG","90.00","0.00","1","2",NULL,"images/MEMORIA_RAM_xpg_3200_MHZ_8_GB_DDR4_RGB_1759434122.png",NULL,NULL,NULL
"97","MEMORIA RAM HIKSEMI 3200 MHZ 8GB DDR4","Hiksemi","57.00","90.00","1","2","29","images/MEMORIA_RAM_HIKSEMI_3200_MHZ_8GB_DDR4_1759522079.png",NULL,NULL,NULL
"98","MEMORIA RAM kingston 3200 MHZ 16GB DDR4","KINGSTON","140.00","0.00","1","2",NULL,"images/MEMORIA_RAM_kingston_3200_MHZ_16GB_DDR4_1759430804.png",NULL,NULL,NULL
"100","TARJETA DE VIDEO ASUS DUAL RTX 5070 12GB OC GDDR7","ASUS","2650.00","0.00","1","5","6","images/TARJETA_DE_VIDEO_ASUS_DUAL_RTX_5070_12GB_OC_GDDR7_1759430744.png",NULL,NULL,NULL
"101","CASE OFICINA, ITVISION, IT1706-6682","IT Vision","62.00","0.00","1","7","9","images/CASE_OFICINA__ITVISION__IT1706-6682_1759533797.png","CALEX",NULL,NULL
"102","CASE ENKORE ULTRA ENC 1001 GABINETE 230W 8CM FAN","Enkore","58.00","0.00","1","7","9","images/CASE_ENKORE_ULTRA_ENC_1001_GABINETE_230W_8CM_FAN_1759534532.jpg","CALEX",NULL,NULL
"103","CASE GAMER ENKORE LEVITROM USB 3 4FAN S/FUENTE RAIMBOW","Enkore","69.00","0.00","1","7","7","images/CASE_GAMER_ENKORE_LEVITROM_USB_3_4FAN_S_FUENTE_RAIMBOW_1759535053.jpeg","CALEX",NULL,NULL
"104","CASE VIBRANT ENKORE 5005 GAMER USB3 4FAN S/FUENTE","Enkore","86.00","0.00","1","7","7","images/CASE_VIBRANT_ENKORE_5005_GAMER_USB3_4FAN_S_FUENTE_1759535238.webp","CALEX",NULL,NULL
"105","CASE FALCON ENKORE GAMER USB3 4FAN S/FUENTE","Enkore","84.00","0.00","1","7","7","images/CASE_FALCON_ENKORE_GAMER_USB3_4FAN_S_FUENTE_1759535397.webp","CALEX",NULL,NULL
"106","CASE GAMER, ENKORE, KINGDOM ENC 3003 CON FUENTE 230W/600W 3FAN-6583","Enkore","85.00","0.00","1","7","7","images/CASE_GAMER__ENKORE__KINGDOM_ENC_3003_CON_FUENTE_230W_600W_3FAN-6583_1759770169.png","CALEX",NULL,NULL
"107","CASE ENKORE WINNER ENK 5002 4FAN LED S/FUENTE","Enkore","78.00","0.00","1","7","7","images/CASE_ENKORE_WINNER_ENK_5002_4FAN_LED_S_FUENTE_1759770296.png","CALEX",NULL,NULL
"108","CASE KILLER BLACK CYBERTEL GAMER USB3 4FAN S/FUENTE-6686","Cybertel","100.00","0.00","1","7","7","images/CASE_KILLER_BLACK_CYBERTEL_GAMER_USB3_4FAN_S_FUENTE-6686_1760736635.png",NULL,NULL,NULL
"109","CASE CYBERTEL CBX C5034 PSYCOTIC ARG 3F-8897","Cybertel","99.00","0.00","1","7","7","images/CASE_CYBERTEL_CBX_C5034_PSYCOTIC_ARG_3F-8897_1759770867.png","CALEX",NULL,NULL
"110","CASE GAMER, CYBERTEL, STRIKER WHITE CBX5013 4FAN SIN FUENTE -7234","Cybertel","100.00","0.00","1","7","7","images/CASE_GAMER__CYBERTEL__STRIKER_WHITE_CBX5013_4FAN_SIN_FUENTE_-7234_1759771023.jpg","CALEX",NULL,NULL
"111","CASE GAMER HALION MARK 355 FISH TANK 3 FANS RGB-7655","Halion","105.00","0.00","1","7","7","images/CASE_GAMER_HALION_MARK_355_FISH_TANK_3_FANS_RGB-7655_1759771158.png","CALEX",NULL,NULL
"113","CASE GAMER, MICRONIC, WARRIOR GAMER WHITE USB3.0 4FAN RGB SIN FUENTE-6624","Micronics","135.00","0.00","1","7","7","images/CASE_GAMER__MICRONIC__WARRIOR_GAMER_WHITE_USB3_0_4FAN_RGB_SIN_FUENTE-6624_1759772457.webp","CALEX",NULL,NULL
"114","CASE CYBERTEL DERBY SLIM 230W-7734","Cybertel","110.00","0.00","1","7","9","images/CASE_CYBERTEL_DERBY_SLIM_230W-7734_1759771319.png","CALEX",NULL,NULL
"115","CASE DYNAMO 4FAN USB3.0 RAINBOW -7645","Cybertel","109.00","0.00","1","7","7","images/CASE_DYNAMO_4FAN_USB3_0_RAINBOW_-7645_1759771699.webp","CALEX",NULL,NULL
"116","CASE GAMER, GAMEMAX, MINI ABYSS H608 ARGB V/TEMPLADO SIN FUENTE-7192","Gamemax","129.00","0.00","1","7","8","images/CASE_GAMER__GAMEMAX__MINI_ABYSS_H608_ARGB_V_TEMPLADO_SIN_FUENTE-7192_1759771912.png","CALEX",NULL,NULL
"117","CASE GAMING 1ST PLAYER MI2 BLACK 3VEN ARGB V/TEMPLADO SIN FUENTE -6465","1ST Player","130.00","0.00","1","7","8","images/CASE_GAMING_1ST_PLAYER_MI2_BLACK_3VEN_ARGB_V_TEMPLADO_SIN_FUENTE_-6465_1759772067.png","CALEX",NULL,NULL
"118","CASE PLAYER ATX MICRONICS 4FAN USB3.0 MESH -8111","Micronics","156.00","0.00","1","7","7","images/CASE_PLAYER_ATX_MICRONICS_4FAN_USB3_0_MESH_-8111_1759772771.webp","CALEX",NULL,NULL
"119","CASE MIRAGE ATX MICRONICS 4FAN USB3.0 MESH-7646","Micronics","152.00","0.00","1","7","7","images/CASE_MIRAGE_ATX_MICRONICS_4FAN_USB3_0_MESH-7646_1759773194.webp",NULL,NULL,NULL
"120","CASE GAMER, CYBERTEL TRANSFORMER CBX8118 NEGRO ROBOT 4 FAN ARGB-8953","ROG Gaming","156.00","0.00","1","7","7","images/CASE_GAMER__CYBERTEL_TRANSFORMER_CBX8118_NEGRO_ROBOT_4_FAN_ARGB-8953_1759773287.webp",NULL,NULL,NULL
"121","CASE GAMER HALION MARTE CR28 C/F 500W MALLA-6998","ROG Gaming","158.00","0.00","1","7","7","images/CASE_GAMER_HALION_MARTE_CR28_C_F_500W_MALLA-6998_1759773393.jpg",NULL,NULL,NULL
"123","CASE GAMER, MICRONICS, GAMING ATX MATRIX MIC CG80836 6FAN ARGB-7787","Micronics","170.00","0.00","1","7","7","images/CASE_GAMER__MICRONICS__GAMING_ATX_MATRIX_MIC_CG80836_6FAN_ARGB-7787_1759774196.png",NULL,NULL,NULL
"124","CASE GAMER, HALION BUFFALO 3F CR41 F/500W, ARGB-8271","ROG Gaming","170.00","0.00","1","7","7","images/CASE_GAMER__HALION_BUFFALO_3F_CR41_F_500W__ARGB-8271_1759774256.png",NULL,NULL,NULL
"125","CASE GAMER, HALION TAURO 4F CR33 F/500W, ARGB-8272","ROG Gaming","170.00","0.00","1","7","7","images/CASE_GAMER__HALION_TAURO_4F_CR33_F_500W__ARGB-8272_1759774319.png","PCGOES","CALEX",NULL
"126","CASE GAMER HALION DRAGON CR15 500W 4X12 LED LED V.T. USB3 WHITE-7643","ROG Gaming","184.00","0.00","1","7","7","images/CASE_GAMER_HALION_DRAGON_CR15_500W_4X12_LED_LED_V_T__USB3_WHITE-7643_1759774366.png",NULL,NULL,NULL
"127","CASE GAMER, MICRONICS, GAMING ATX LEGEND MIC CG806 7FAN RGB BLACK-8952","Micronics","180.00","0.00","1","7","7","images/CASE_GAMER__MICRONICS__GAMING_ATX_LEGEND_MIC_CG806_7FAN_RGB_BLACK-8952_1759774430.webp",NULL,NULL,NULL
"128","CASE GAMER, DEEPCOOL, CC560 / MID TOWER SIN FUENTE-5731","ROG Gaming","187.00","0.00","1","7","7","images/CASE_GAMER__DEEPCOOL__CC560___MID_TOWER_SIN_FUENTE-5731_1759774591.jpg",NULL,NULL,NULL
"129","CASE GAMER, MICRONICS, GAMING ATX LEGEND MIC CG806 7FAN RGB-9095","Micronics","185.00","0.00","1","7","7","images/CASE_GAMER__MICRONICS__GAMING_ATX_LEGEND_MIC_CG806_7FAN_RGB-9095_1759775714.webp",NULL,NULL,NULL
"130","CASE OFICINA, ANTRYX, E230 PLUS C/FUENTE 450W REALES -7157","Antryx","194.00","0.00","1","7","7","images/CASE_OFICINA__ANTRYX__E230_PLUS_C_FUENTE_450W_REALES_-7157_1759774970.webp",NULL,NULL,NULL
"131","CASE GAMER, DEEPCOOL, CC560 V2 / MID TOWER SIN FUENTE -6161","ROG Gaming","199.00","0.00","1","7","7","images/CASE_GAMER__DEEPCOOL__CC560_V2___MID_TOWER_SIN_FUENTE_-6161_1759775274.png",NULL,NULL,NULL
"132","CASE GAMER, DEEPCOOL, CC360 ARGB WHITE/ MID TOWER SIN FUENTE -6846","ROG Gaming","201.00","0.00","1","7","7","images/CASE_GAMER__DEEPCOOL__CC360_ARGB_WHITE__MID_TOWER_SIN_FUENTE_-6846_1759776068.webp",NULL,NULL,NULL
"133","CASE ANTRYX RX 550 BLACK SIN FUENTE ARGB 3 FAN-7747","Antryx","192.00","0.00","1","7","7","images/CASE_ANTRYX_RX_550_BLACK_SIN_FUENTE_ARGB_3_FAN-7747_1759776140.png",NULL,NULL,NULL
"134","CASE ANTRYX RX 570 BLACK SIN FUENTE ARGB 3 FAN-7946","Antryx","192.00","0.00","1","7","7","images/CASE_ANTRYX_RX_570_BLACK_SIN_FUENTE_ARGB_3_FAN-7946_1759776252.png",NULL,NULL,NULL
"135","CASE GAMER, MICRONICS, ATX VULKANO MIC FC1001 6FAN ARGB CON LED DE TEMPERATURA-9170","Micronics","210.00","0.00","1","7","7","images/CASE_GAMER__MICRONICS__ATX_VULKANO_MIC_FC1001_6FAN_ARGB_CON_LED_DE_TEMPERATURA-9170_1759776471.png",NULL,NULL,NULL
"136","CASE ANTRYX RX 560 SIN FUENTE ARGB-7748","Antryx","200.00","0.00","1","7","7","images/CASE_ANTRYX_RX_560_SIN_FUENTE_ARGB-7748_1759776659.png",NULL,NULL,NULL
"137","CASE GAMING ROG ULTRA VISION 4F SF WHITE-8226","ROG Gaming","206.00","0.00","1","7","7","images/CASE_GAMING_ROG_ULTRA_VISION_4F_SF_WHITE-8226_1759776723.webp",NULL,NULL,NULL
"138","CASE GAMER, DEEP COOL, CH160 WHITE-7558","ROG Gaming","222.00","0.00","1","7","7","images/CASE_GAMER__DEEP_COOL__CH160_WHITE-7558_1759776845.png",NULL,NULL,NULL
"139","CASE GAMER, ANTRYX, FX710 WHITE ARGB 4FAN USB TYPE-C-7155","Antryx","227.00","0.00","1","7","7","images/CASE_GAMER__ANTRYX__FX710_WHITE_ARGB_4FAN_USB_TYPE-C-7155_1759776884.png",NULL,NULL,NULL
"140","CASE GAMER, DEEPCOOL, CG580 NEGRO SIN FANS-7366","ROG Gaming","235.00","0.00","1","7","7","images/CASE_GAMER__DEEPCOOL__CG580_NEGRO_SIN_FANS-7366_1759776950.webp",NULL,NULL,NULL
"141","CASE GAMER, DEEPCOOL, CG580 BLANCO SIN FANS-7365","ROG Gaming","251.00","0.00","1","7","7","images/CASE_GAMER__DEEPCOOL__CG580_BLANCO_SIN_FANS-7365_1759777040.png",NULL,NULL,NULL
"142","CASE ANTRYX FX650 BLACK, ARGB FAN X4 VIDRIO TEMPLADO-7676","Antryx","258.00","0.00","1","7","7","images/CASE_ANTRYX_FX650_BLACK__ARGB_FAN_X4_VIDRIO_TEMPLADO-7676_1759777106.png",NULL,NULL,NULL
"143","CASE GAMER, ANTRYX, FX 800 BLACK ARGB 4FAN USB TYPE-C-9142","Antryx","264.00","0.00","1","7","7","images/CASE_GAMER__ANTRYX__FX_800_BLACK_ARGB_4FAN_USB_TYPE-C-9142_1759777164.png",NULL,NULL,NULL
"144","CASE GAMER, DEEP COOL, CYCLOPS BLACK 1FS ARGB SIN FUENTE -6371","ROG Gaming","266.00","0.00","1","7","7","images/CASE_GAMER__DEEP_COOL__CYCLOPS_BLACK_1FS_ARGB_SIN_FUENTE_-6371_1759777507.webp",NULL,NULL,NULL
"145","CASE ANTRYX FX650 WHITE, ARGB FAN X4 VIDRIO TEMPLADO-8323","Antryx","271.00","0.00","1","7","7","images/CASE_ANTRYX_FX650_WHITE__ARGB_FAN_X4_VIDRIO_TEMPLADO-8323_1759777562.jpeg",NULL,NULL,NULL
"146","CASE GAMER HALION FISH C708 TANK 6 FANS ARGB BLACK-9093","ROG Gaming","273.00","0.00","1","7","7","images/CASE_GAMER_HALION_FISH_C708_TANK_6_FANS_ARGB_BLACK-9093_1759777616.png",NULL,NULL,NULL
"147","CASE GAMER, DEEPCOOL, CG530 4F NEGRO SIN FUENTE-7891","ROG Gaming","289.00","0.00","1","7","7","images/CASE_GAMER__DEEPCOOL__CG530_4F_NEGRO_SIN_FUENTE-7891_1759777679.png",NULL,NULL,NULL
"148","CASE GAMER, ANTRYX, FX750 WHITE ARGB 4FAN USB TYPE-C-7778","Antryx","282.00","0.00","1","7","7","images/CASE_GAMER__ANTRYX__FX750_WHITE_ARGB_4FAN_USB_TYPE-C-7778_1759777722.png",NULL,NULL,NULL
"149","CASE GAMER, ANTRYX, FX750 BLACK ARGB 4FAN USB TYPE-C-7777","Antryx","279.00","0.00","1","7","7","images/CASE_GAMER__ANTRYX__FX750_BLACK_ARGB_4FAN_USB_TYPE-C-7777_1759777761.jpeg",NULL,NULL,NULL
"150","CASE GAMER, ANTRYX, FX 800 WHITE ARGB 4FAN USB TYPE-C-9141","Antryx","277.00","0.00","1","7","7","images/CASE_GAMER__ANTRYX__FX_800_WHITE_ARGB_4FAN_USB_TYPE-C-9141_1759777804.jpeg",NULL,NULL,NULL
"151","CASE XPG, INVADER X WHITE S/FUENTE VIDRIO TEMPLADO-8239","ROG Gaming","285.00","0.00","1","7","7","images/CASE_XPG__INVADER_X_WHITE_S_FUENTE_VIDRIO_TEMPLADO-8239_1759777867.png",NULL,NULL,NULL
"152","CASE GAMER, DEEP COOL, MATREXX 55 MESH 4F,LAT VIDRIO,S/FUENTE -3587","ROG Gaming","299.00","0.00","1","7","7","images/CASE_GAMER__DEEP_COOL__MATREXX_55_MESH_4F_LAT_VIDRIO_S_FUENTE_-3587_1759777909.webp",NULL,NULL,NULL
"153","CASE, LIAN LI, VECTOR V100R ARGB 4FAN BLACK-8867","ROG Gaming","300.00","0.00","1","7","7","images/CASE__LIAN_LI__VECTOR_V100R_ARGB_4FAN_BLACK-8867_1759777986.png",NULL,NULL,NULL
"154","CASE GAMER HALION FISH C708 TANK 6 FANS ARGB WHITE-9094","ROG Gaming","293.00","0.00","1","7","7","images/CASE_GAMER_HALION_FISH_C708_TANK_6_FANS_ARGB_WHITE-9094_1759778043.png",NULL,NULL,NULL
"155","CASE GAMER, DEEPCOOL, CG530 4F WHITE SIN FUENTE-7892","ROG Gaming","295.00","0.00","1","7","7","images/CASE_GAMER__DEEPCOOL__CG530_4F_WHITE_SIN_FUENTE-7892_1759778086.png",NULL,NULL,NULL
"156","CASE GAMEMAX INFINITY PRO PANORAMICO 5 FANS ARGB ATX BLACK-9091","ROG Gaming","323.00","0.00","1","7","7","images/CASE_GAMEMAX_INFINITY_PRO_PANORAMICO_5_FANS_ARGB_ATX_BLACK-9091_1759778183.png",NULL,NULL,NULL
"157","CASE GAMER, DEEPCOOL, CH360 BLANCO DIGITAL SIN FUENTE -7364","ROG Gaming","339.00","0.00","1","7","7","images/CASE_GAMER__DEEPCOOL__CH360_BLANCO_DIGITAL_SIN_FUENTE_-7364_1759778233.jpeg",NULL,NULL,NULL
"158","CASE XPG, BATTLECRUISER BLANCO S/FUENTE VIDRIO TEMPLADO-6620","ROG Gaming","300.00","0.00","1","7","7","images/CASE_XPG__BATTLECRUISER_BLANCO_S_FUENTE_VIDRIO_TEMPLADO-6620_1759778303.png",NULL,NULL,NULL
"159","CASE GAMEMAX INFINITY PRO PANORAMICO 5 FANS ARGB ATX WHITE-9092","ROG Gaming","336.00","0.00","1","7","7","images/CASE_GAMEMAX_INFINITY_PRO_PANORAMICO_5_FANS_ARGB_ATX_WHITE-9092_1759778353.png",NULL,NULL,NULL
"160","CASE GAMER, DEEPCOOL,MATREXX 55 V3 BLACK V3/MID ARGB TOWER SIN FUENTE -5811","ROG Gaming","366.00","0.00","1","7","7","images/CASE_GAMER__DEEPCOOL_MATREXX_55_V3_BLACK_V3_MID_ARGB_TOWER_SIN_FUENTE_-5811_1759778405.webp",NULL,NULL,NULL
"161","CASE XPG, BATTLECRUISER BLACK S/FUENTE VIDRIO TEMPLADO -6536","ROG Gaming","300.00","0.00","1","7","7","images/CASE_XPG__BATTLECRUISER_BLACK_S_FUENTE_VIDRIO_TEMPLADO_-6536_1759778525.jpg",NULL,NULL,NULL
"162","CASE GAMER, DEEPCOOL, CH560 BLACK SIN FUENTE-6556","ROG Gaming","338.00","0.00","1","7","7","images/CASE_GAMER__DEEPCOOL__CH560_BLACK_SIN_FUENTE-6556_1759778583.png",NULL,NULL,NULL
"163","CASE GAMER, DEEPCOOL,MATREXX 55 WHITE V3/MID ARGB TOWER SIN FUENTE -5810","ROG Gaming","372.00","0.00","1","7","7","images/CASE_GAMER__DEEPCOOL_MATREXX_55_WHITE_V3_MID_ARGB_TOWER_SIN_FUENTE_-5810_1759596500.jpg",NULL,NULL,NULL
"164","CASE XPG, INVADER X BLACK S/FUENTE CON RS 4.0 VIDRIO TEMPLADO -8240","ROG Gaming","369.00","0.00","1","7","7","images/CASE_XPG__INVADER_X_BLACK_S_FUENTE_CON_RS_4_0_VIDRIO_TEMPLADO_-8240_1759779014.jpg",NULL,NULL,NULL
"165","PLACA MADRE B860 GIGABYTE EAGLE WIFI6E - INTEL LGA 1851","Gigabyte","550.00","0.00","1","4",NULL,"images/PLACA_MADRE_B860_GIGABYTE_EAGLE_WIFI6E_-_INTEL_LGA_1851_1759686449.jpg",NULL,NULL,NULL
"166","PLACA MADRE B860 GIGABYTE AORUS ELITE WIFI7 ICE - INTEL LGA 1851","Gigabyte","920.00","0.00","1","4",NULL,"images/PLACA_MADRE_B860_GIGABYTE_AORUS_ELITE_WIFI7_ICE_-_INTEL_LGA_1851_1759686553.jpg",NULL,NULL,NULL
"167","PLACA MADRE B860 ASUS TUF GAMING PLUS WIFI - INTEL LGA 1851","Asus","870.00","0.00","1","4",NULL,"images/PLACA_MADRE_B860_ASUS_TUF_GAMING_PLUS_WIFI_-_INTEL_LGA_1851_1759687218.jpg",NULL,NULL,NULL
"168","PLACA MADRE B650 ASUS TUF GAMING PLUS WIFI - AMD AM5","Asus","780.00","0.00","1","4",NULL,"images/PLACA_MADRE_B650_ASUS_TUF_GAMING_PLUS_WIFI_-_AMD_AM5_1759691027.jpg",NULL,NULL,NULL
"169","PLACA MADRE B650E ASUS TUF GAMING PLUS WIFI - AMD AM5","Asus","810.00","0.00","1","4",NULL,"images/PLACA_MADRE_B650E_ASUS_TUF_GAMING_PLUS_WIFI_-_AMD_AM5_1759691344.jpg",NULL,NULL,NULL
"170","PLACA MADRE X870 GIGABYTE EAGLE WIFI7 - AMD AM5","Gigabyte","920.00","0.00","1","4",NULL,"images/PLACA_MADRE_X870_GIGABYTE_EAGLE_WIFI7_-_AMD_AM5_1759691486.jpg",NULL,NULL,NULL
"171","SSD 1TB SAMSUNG 990 EVO PLUS 7150MB/s",,"350.00","0.00","1","3",NULL,"images/SSD_1TB_SAMSUNG_990_EVO_PLUS_7150MB_s_1759691958.jpg",NULL,NULL,NULL
"172","SSD 1TB MSI SPATIUM M560 10300MB/s","MSI","420.00","0.00","1","3",NULL,"images/SSD_1TB_MSI_SPATIUM_M560_10300MB_s_1759692132.jpg",NULL,NULL,NULL
"173","SSD 2TB SAMSUNG 990 PRO 7450MB/s",,"720.00","0.00","1","3",NULL,"images/SSD_2TB_SAMSUNG_990_PRO_7450MB_s_1759692190.jpg",NULL,NULL,NULL
"174","SSD 2TB CORSAIR MP600 ELITE 7000MB/s","Corsair","640.00","0.00","1","3",NULL,"images/SSD_2TB_CORSAIR_MP600_ELITE_7000MB_s_1759694356.jpg",NULL,NULL,NULL
"175","CASE GAMER, HALION, POLARIS CR13 C/F 500W MALLA 4FAN -7304","ROG Gaming","155.00","0.00","1","7","7","images/CASE_GAMER__HALION__POLARIS_CR13_C_F_500W_MALLA_4FAN_-7304_1759773610.png",NULL,NULL,NULL
"176","CASE GAMER HALION DRAGON CR15 500W 4X12 LED LED V.T. USB3-5711","ROG Gaming","171.00","0.00","1","7","7","images/CASE_GAMER_HALION_DRAGON_CR15_500W_4X12_LED_LED_V_T__USB3-5711_1759773714.png",NULL,NULL,NULL
"177","CASE GAMER, HALION GEMINIS 4F CR30 F/500W, RAINBOW-8270","ROG Gaming","159.00","0.00","1","7","7","images/CASE_GAMER__HALION_GEMINIS_4F_CR30_F_500W__RAINBOW-8270_1759773812.png",NULL,NULL,NULL
"178","CASE GAMER, MICRONICS, ATX CROSSWORTH MIC FC1002 6FAN ARGB-9169","Micronics","170.00","0.00","1","7","7","images/CASE_GAMER__MICRONICS__ATX_CROSSWORTH_MIC_FC1002_6FAN_ARGB-9169_1759773938.png",NULL,NULL,NULL
"179","MONITOR TEROS 2415S 24 PULGADAS","Teros","230.00","230.00","2","8",NULL,"images/MONITOR_TEROS_2415S_24_PULGADAS_1759790840.jpg",NULL,NULL,NULL
"180","RX 580 8GB ROG GAMING AMD GDDR5","ROG Gaming","409.00","440.00","1","5","5","images/RX_580_8GB_ROG_GAMING_INTEL_1759865985.webp",NULL,NULL,NULL
"181","RX 580 8GB ROG GAMING INTEL GDRR5","ROG Gaming","360.00","410.00","1","5","5","images/RX_580_8GB_ROG_GAMING_INTEL_1759867578.webp",NULL,NULL,NULL
"183","MONITOR GAMING ANTRYX XTREME VISION IPX2711GOL 27′ IPS FHD 144HZ 1MS","Antryx","325.00","329.00","2","8",NULL,"images/MONITOR_GAMING_ANTRYX_XTREME_VISION_IPX2711GOL_27____IPS_FHD_144HZ_1MS_1759868553.jpeg",NULL,NULL,NULL
"184","SSD 2TB AORUS GEN4 7300MB/s M.2 CON DISIPADOR (PS5 READY)","Gigabyte","650.00","0.00","1","3",NULL,"images/SSD_2TB_AORUS_GEN4_7300MB_s_M_2_CON_DISIPADOR__PS5_READY__1759869335.png",NULL,NULL,NULL
"185","SSD 2TB CRUCIAL T500 GEN4 7400MB/s M.2 CON DISIPADOR (PC LAPTOP PS5",,"610.00","0.00","1","3",NULL,"images/SSD_2TB_CRUCIAL_T500_GEN4_7400MB_s_M_2_CON_DISIPADOR__PC_LAPTOP_PS5_1759869425.jpg",NULL,NULL,NULL
"186","SSD 2TB EXTERNO LEXAR SSD PÓRTATIL ES3 1050 MB/s",,"480.00","0.00","1","3",NULL,"images/SSD_2TB_EXTERNO_LEXAR_SSD_P__RTATIL_ES3_1050_MB_s_1759869495.jpg",NULL,NULL,NULL
"187","SSD 2TB EXTERNO LEXAR SSD PÓRTATIL ES3 1050 MB/s",,"480.00","0.00","1","3",NULL,"images/SSD_2TB_EXTERNO_LEXAR_SSD_P__RTATIL_ES3_1050_MB_s_1759869495.jpg",NULL,NULL,NULL
"188","TARJETA VIDEO NVIDIA GEFORCE RTX 5070 ASUS TUF GAMING OC 12GB GDDR7","Asus","2800.00","0.00","1","5","6","images/TARJETA_VIDEO_NVIDIA_GEFORCE_RTX_5070_ASUS_TUF_GAMING_OC_12GB_GDDR7_1759869570.jpg",NULL,NULL,NULL
"191","PLACA MADRE B550-F-Gaming Rog-Strix-","ROG Gaming","550.00","610.00","1","4",NULL,"images/PLACA_MADRE_B550-F-Gaming_Rog-Strix-_1760542393.jpg",NULL,NULL,NULL
"193","KIT DE FANES WHITES 4 EN 1 ROG GAMING","ROG Gaming","65.00","0.00","1","7","7",NULL,NULL,NULL,NULL
"195","CAMARA , TEROS, TE-9072 2K C/MICROFONO","Teros","49.00","0.00","2","12",NULL,"images/CAMARA___TEROS__TE-9072_2K_C_MICROFONO_1760637465.png","CALEX",NULL,NULL
"197","CADISK","Biostar","15.00","0.00","1","7","7",NULL,NULL,NULL,NULL
"198","SSD Adata Legend 710 512GB","INTEL","118.00","0.00","1","3",NULL,"images/SSD_Adata_Legend_710_512GB_1761121934.webp",NULL,NULL,NULL
"200","SSD HIKSEMI FUTURE LITE 1 TB","Hiksemi","212.00","0.00","1","3",NULL,"images/SSD_HIKSEMI_FUTURE_LITE_1_TB_1761122058.jpg","PCGOES",NULL,NULL
"201","SSD Lexar NM610 PRO 500GB","INTEL","118.00","0.00","1","3",NULL,"images/SSD_Lexar_NM610_PRO_500GB_1761122238.jpg","PCGOES",NULL,NULL
"202","SSD Netac SA500 1TB","INTEL","170.00","290.00","1","3",NULL,"images/SSD_Netac_SA500_1TB_1761122363.jpg",NULL,NULL,NULL
"203","SSD American 512GB","INTEL","82.00","150.00","1","3",NULL,"images/SSD_American_512GB_1761122615.jpeg",NULL,NULL,NULL
"204","HHD/SSD 2.5 EXTERNAL CASE","INTEL","15.00","0.00","1","7","8","images/HHD_SSD_2_5_EXTERNAL_CASE_1761122735.jpg",NULL,NULL,NULL
"205","SAMSUNG 500GB oem","INTEL","105.00","110.00","1","3",NULL,NULL,NULL,NULL,NULL
"207","SSD SAMSUNG MINI 256GB","INTEL","85.00","95.00","1","3",NULL,NULL,NULL,NULL,NULL
"212","Case ROG PROMAX BLACK","ROG Gaming","185.00","0.00","1","7",NULL,"images/Case_ROG_PROMAX_BLACK_1761123986.png",NULL,NULL,NULL
"213","Case ROG PROMAX BLACK","ROG Gaming","185.00","0.00","1","7",NULL,"images/Case_ROG_PROMAX_BLACK_1761123987.png",NULL,NULL,NULL
"214","Case ROG ULTRA RGB BLACK","ROG Gaming","240.00","0.00","1","7","7","images/Case_ROG_ULTRA_RGB_BLACK_1761124233.png",NULL,NULL,NULL
"220","CASE GAMER, MICRONICS, GAMING ATX MATRIX MIC CG808.6W 6FAN RGB WHITE","Micronics","169.00","0.00","1","7","7","images/CASE_GAMER__MICRONICS__GAMING_ATX_MATRIX_MIC_CG808_6W_6FAN_RGB_WHITE_1761166087.png","CALEX",NULL,NULL
"221","PROCESADOR INTEL CORE I9 14900K (LGA1700)","INTEL","1050.00","0.00","1","1","4",NULL,"PCGOES","CALEX",NULL
"222","PROCESADOR AMD RYZEN 5 4500 (AM4)","AMD","233.00","0.00","1","1","3",NULL,"PCGOES",NULL,NULL
"225","PROCESADOR INTEL CORE I5 14600K (LGA1700)","INTEL","799.00","0.00","1","1","4",NULL,"PCGOES",NULL,NULL
"226","PROCESADOR INTEL CORE I5 14600K (LGA1700)","INTEL","799.00","0.00","1","1","4",NULL,"PCGOES",NULL,NULL
"227","PROCESADOR INTEL CORE I9 12900F (LGA1700)","INTEL","1060.00","0.00","1","1",NULL,NULL,"PCGOES",NULL,NULL
"228","PROCESADOR AMD RYZEN 7 7700X (AM5)","AMD","1220.00","0.00","1","1","3",NULL,"PCGOES",NULL,NULL
"229","PROCESADOR INTEL CORE ULTRA 7 265K","INTEL","1140.00","1190.00","1","1","4",NULL,"PCGOES",NULL,NULL
"230","PROCESADOR INTEL CORE I7 14700F (LGA1700)","INTEL","1240.00","0.00","1","1","4",NULL,"PCGOES",NULL,NULL
"231","PROCESADOR AMD RYZEN 7 9700X (AM5)","AMD","1299.00","0.00","1","1","3",NULL,"PCGOES",NULL,NULL
"232","PROCESADOR AMD RYZEN 9 7900X (AM5)","AMD","1415.00","0.00","1","1","3",NULL,NULL,NULL,NULL
"233","PROCESADOR AMD RYZEN 9 9900X (AM5)","AMD","1680.00","0.00","1","1","3",NULL,"PCGOES",NULL,NULL
"234","PROCESADOR AMD RYZEN 7 9800X3D (AM5)","AMD","1949.00","0.00","1","1","3",NULL,"PCGOES",NULL,NULL
"235","PROCESADOR AMD RYZEN 9 9900X3D (AM5)","AMD","2435.00","0.00","1","1","3",NULL,"PCGOES",NULL,NULL
"239","ROG GAMING FANES ARGB X4","ROG Gaming","65.00","75.00","1","16","22","images/ROG_GAMING_FANES_ARGB_X4_1761351848.png",NULL,NULL,NULL
"240","REFRIGERACION LIQUIDA ROG GAMING 240PRO CON LED DE TEMPERATURA RGB BLACK","ROG Gaming","165.00","175.00","1","16","20","images/REFRIGERACION_LIQUIDA_ROG_GAMING_240PRO_CON_LED_DE_TEMPERATURA_RGB_BLACK_1761352254.png",NULL,NULL,NULL
"241","REFRIGERACION LIQUIDA ROG GAMING 240PRO CON LED DE TEMPERATURA RGB WHITE","ROG Gaming","165.00","180.00","1","16","20","images/REFRIGERACION_LIQUIDA_ROG_GAMING_240PRO_CON_LED_DE_TEMPERATURA_RGB_WHITE_1761352662.png",NULL,NULL,NULL
"242","REFRIGERACION LIQUIDA ARGB Thermalright Frozen Warframe 360 White – Soporte Intel/AMD","AMD","360.00","0.00","1","16","20","images/REFRIGERACION_LIQUIDA_ARGB_Thermalright_Frozen_Warframe_360_White_____Soporte_Intel_AMD_1761353140.png",NULL,NULL,NULL
"245","ESTABILIZADOR, FORZA, FVR - 1200VA/600W 8TOMAS + 2USB","AMD","0.00","0.00","2","26",NULL,"images/ESTABILIZADOR__FORZA__FVR_-_1200VA_600W_8TOMAS___2USB_1761410903.jpg","CALEX",NULL,NULL
"246","FUENTE DE PODER ROG GAMING 600W White 80+","ROG Gaming","0.00","0.00","1","6",NULL,"images/FUENTE_DE_PODER_ROG_GAMING_600W_White_BRONCE_80__1761411430.png",NULL,NULL,NULL
"247","FUENTE DE PODER ROG GAMING 600W White +","ROG Gaming","95.00","110.00","1","6",NULL,"images/FUENTE_DE_PODER_ROG_GAMING_600W_Black_BRONCE_80__1761411501.png",NULL,NULL,NULL
"249","FUENTE DE PODER ROG GAMING GX850 BRONCE 80+","ROG Gaming","160.00","172.00","1","6","26","images/FUENTE_DE_PODER_ROG_GAMING_GX850_BRONCE_80__1761413007.png",NULL,NULL,NULL
"250","FUENRE DE PODER MAG 650W BRONCE 80+","MSI","190.00","195.00","1","6","26","images/FUENRE_DE_PODER_MAG_650W_BRONCE_80__1761413427.jpg",NULL,NULL,NULL
"251","MEMORIA RAM HYPERX FURY 8GB DDR4","KINGSTON","40.00","0.00","1","2","13","images/MEMORIA_RAM_HYPERX_FURY_8GB_DDR4_1761413889.jpg",NULL,NULL,NULL
"255","MEMORIA RAM SODIMM DDR5 SKhynix 8GB 5600MHz","Hiksemi","100.00","0.00","1","2","31","images/MEMORIA_RAM_SODIMM_DDR5_SKhynix_8GB_5600MHz_1761415146.webp",NULL,NULL,NULL
"257","MEMORIA RAM SODIMM SAMSUNG 8GB 5600 MHz","AMD","100.00","0.00","1","2","31","images/MEMORIA_RAM_SODIMM_SAMSUNG_8GB_5600_MHz_1761416400.png",NULL,NULL,NULL
"258","MEMORIA RAM SODIMM DDR4 KINGSTON FURY 8GB 3200MHz","Kingstone","80.00","0.00","1","2","29","images/MEMORIA_RAM_SODIMM_DDR4_KINGSTON_FURY_8GB_3200MHz_1761416622.jpg",NULL,NULL,NULL
"261","MiniPC ACEMAGICAN R7 5800U 16GB 500GB","AMD","940.00","0.00","1","7",NULL,"images/MiniPC_ACEMAGICAN_R7_5800U_16GB_500GB_1761418158.png",NULL,NULL,NULL
"262","MiniPC ACEMAGICAN I5 12450H 16GB 500GB","INTEL","1050.00","0.00","3","25",NULL,"images/MiniPC_ACEMAGICAN_I5_12450H_16GB_500GB_1761417905.png",NULL,NULL,NULL
"263","MiniPC TRYCOO R5 5600 H 8GB 256 GB NVME","AMD","766.00","0.00","3","25",NULL,"images/MiniPC_TRYCOO_R5_5600_H_8GB_256_GB_NVME_1761417946.png",NULL,NULL,NULL
"264","COMBO ROG GAMING HY-2530","ROG Gaming","27.00","0.00","2","9","11","images/COMBO_ROG_GAMING_HY-2530_1761420192.png",NULL,NULL,NULL
"265","COMBO GAMER TEROS 4 en 1","Teros","58.00","0.00","2","15",NULL,"images/COMBO_GAMER_TEROS_4_en_1_1761420298.jpg",NULL,NULL,NULL
"272","TECLADO MAGNETICO AULA WIN60","Aula","130.00","0.00","2","9",NULL,"images/TECLADO_MAGNETICO_AULA_WIN60_1761422077.jpg",NULL,NULL,NULL
"273","TECLADO MECANICO GAMING PC42IA","RisoPhy","0.00","0.00","2","9","10","images/TECLADO_MECANICO_GAMING_PC42IA_1761323873.jpg",NULL,NULL,NULL
"274","PARLANTES RED DRAGON ANVIL WHITE","Red Dragon","105.00","0.00","2","13",NULL,"images/PARLANTES_RED_DRAGON_ANVIL_WHITE_1761422421.jpg",NULL,NULL,NULL
"275","PARLANTES RED DRAGON ANVIL BLACK","Red Dragon","105.00","0.00","2","13",NULL,"images/PARLANTES_RED_DRAGON_ANVIL_BLACK_1761422455.jpg",NULL,NULL,NULL
"276","MONITOR GAMER TEROS TE-2415S 23.8'' 1080p FHD 120hz IPS 1ms","Teros","230.00","0.00","2","8",NULL,"images/MONITOR_GAMER_TEROS_TE-2415S_23_8___1080p_FHD_120hz_IPS_1ms_1761422703.jpg",NULL,NULL,NULL
"277","PROCESADOR RYZEN  5 8400F","Ryzen","0.00","0.00","1","1","3",NULL,NULL,NULL,NULL
"278","MONITOR GAMING Gigabyte GS25F2 24.5'' IPS FHD 200hz HDR 1ms","Gigabyte","385.00","395.00","2","8",NULL,"images/MONITOR_GAMING_Gigabyte_GS25F2_24_5___IPS_FHD_200hz_HDR_1ms_1761422877.webp",NULL,NULL,NULL
"279","COMBO MEMBRANA LOGITECH MK120","Logitech","0.00","0.00","2","15",NULL,"images/COMBO_MEMBRANA_LOGITECH_MK120_1761423094.jpeg",NULL,NULL,NULL
"280","AURICULARES GAMING ANTRYX ENIGMA SE WHITE","Antryx","112.00","0.00","2","11",NULL,"images/AURICULARES_GAMING_ANTRYX_ENIGMA_SE_WHITE_1761423198.png",NULL,NULL,NULL
"281","AURICULARES HAVIT QUADMODE GAMING 2.4GHz wireless, Bluetooth, 3.5mm","Havit","115.00","0.00","2","11",NULL,"images/AURICULARES_HAVIT_QUADMODE_GAMING_2_4GHz_wireless__Bluetooth__3_5mm_1761423488.png",NULL,NULL,NULL
"282","PLACA MADRE ASROCK PHANTOM GAMING B760M (LGA 1700) (DDR5)","Asrock","405.00","0.00","1","4","16","images/PLACA_MADRE_ASROCK_PHANTOM_GAMING_B760M__LGA_1700___DDR5__1761423904.webp",NULL,NULL,NULL
"284","CASE GAMER HALION STUKA CR11 WHITE","Halion","105.00","0.00","1","7","7","images/CASE_GAMER_HALION_STUKA_CR11_WHITE_1761428674.jpg",NULL,NULL,NULL
"285","CASE GAMER HALION STUKA CR11 BLACK","Halion","87.00","0.00","1","7","7","images/CASE_GAMER_HALION_STUKA_CR11_BLACK_1761428606.jpg",NULL,NULL,NULL
"286","CASE GAMER, HALION, STUKA CR11 F/500W, RAINBOW, V/TEMPLADO","Halion","155.00","0.00","1","7","7",NULL,NULL,NULL,NULL
"287","CASE GAMER ENKORE FALCON BLACK","Enkore","83.00","0.00","1","7","7","images/CASE_GAMER_ENKORE_FALCON_BLACK_1761428557.webp",NULL,NULL,NULL
"288","PLACA MADRE ASUS TUF GAMING Z790-PLUS WIFI (LGA1700) (DDR5)","ASUS","750.00","800.00","1","4","16","images/PLACA_MADRE_ASUS_TUF_GAMING_Z790-PLUS_WIFI__LGA1700___DDR5__1761424074.jpeg",NULL,NULL,NULL
"289","PLACA MADRE GIGABYTE B550 M-K","GIGABYTE","271.00","285.00","1","4","17","images/PLACA_MADRE_GIGABYTE_B550_M-K_1761424219.jpg",NULL,NULL,NULL
"291","PLACA MADRE ROG GAMING H610M (LGA 1700) (DDR5)","ROG Gaming","200.00","240.00","1","4","16","images/PLACA_MADRE_ROG_GAMING_H610M__LGA_1700___DDR5__1761424603.png",NULL,NULL,NULL
"292","PLACA MADRE Rog Gaming B450M (DDR4) (AM4)","ROG Gaming","189.00","0.00","1","4","17","images/PLACA_MADRE_Rog_Gaming_B450M__DDR4___AM4__1761424821.png",NULL,NULL,NULL
"293","PLACA MADRE B650 AORUS ELITE AX (AM5) (DDR5)","AORUS","605.00","635.00","1","4","18","images/PLACA_MADRE_GIGABYTE_AORUS_B650_ELITE_AX__AM5___DDR5__1761425760.jpeg",NULL,NULL,NULL
"294","PLACA MADRE ASUS Z790-AYW WIFI W II (DDR5) (LGA 1700)","Asus","610.00","700.00","1","4","16","images/PLACA_MADRE_ASUS_Z790-AYW_WIFI_W_II__DDR5___LGA_1700__1761426120.webp",NULL,NULL,NULL
"295","TARJETA DE VIDEO MSI RTX 3050 6GB GDDR6","MSI","699.00","780.00","1","5","6","images/TARJETA_DE_VIDEO_MSI_RTX_3050_6GB_GDDR6_1761426713.webp",NULL,NULL,NULL
"296","TARJETA DE VIDEO ZOTAC RTX 3060 12GB GDDR6","Zotac","0.00","0.00","1","5","6","images/TARJETA_DE_VIDEO_ZOTAC_RTX_3060_12GB_GDDR6_1761427268.webp",NULL,NULL,NULL
"300","REFRIGERACION LIQUIDA AIRBOOM Liquid Gamer 240 ARC","Airboom","155.00","165.00","1","16","20","images/REFRIGERACION_LIQUIDA_AIRBOOM_Liquid_Gamer_240_ARC_1761353481.webp",NULL,NULL,NULL
"301","REFRIGERACION DE AIRE DeepCool AG400 Plus","DeepCool","85.00","79.00","1","16","21","images/REFRIGERACION_DE_AIRE_DeepCool_AG400_Plus_1761353572.webp",NULL,NULL,NULL
"302","TARJETA DE VIDEO, ASROCK, INTEL ARC A380 6GB CHALLENGER PCLE 4.0","INTEL","565.00","0.00","1","5","19",NULL,"CALEX",NULL,NULL
"303","TARJETA DE VIDEO, MSI VENTUS 2XS, RTX 3050 6GB GDDR6 OC BLACK","MSI","709.00","0.00","1","5","6","images/TARJETA_DE_VIDEO__MSI_VENTUS_2XS__RTX_3050_6GB_GDDR6_OC_BLACK_1762192901.png","TACTEX","PCGOES","CALEX"
"307","TARJETA DE VIDEO, XFX, VGA RX7600 8GB OC 2 FAN","XFX","1036.00","0.00","1","5","5",NULL,"CALEX","TACTEX",NULL
"308","TARJETA DE VIDEO, ASUS DUAL OC RTX 5050 8GB GDDR6 OC","Asus","1069.00","0.00","1","5","6",NULL,"CALEX",NULL,NULL
"309","TARJETA DE VIDEO, GIGABYTE, WINDFORCE OC V2 RTX 5050 8GB GDDR6 OC","Gigabyte","1077.00","0.00","1","5","6",NULL,"CALEX",NULL,NULL
"311","TARJETA DE VIDEO, ASUS, PRIME OC RTX 5050 8GB GDDR6 OC","Asus","1399.00","0.00","1","5","6",NULL,"CALEX",NULL,NULL
"313","TARJETA DE VIDEO, GIGABYTE WINDFORCE MAX, RTX 5060 8GB GDDR7 OC","Gigabyte","1349.00","0.00","1","5","6",NULL,"CALEX",NULL,NULL
"314","TARJETA DE VIDEO, GIGABYTE WINDFORCE, RTX 5060 8GB GDDR7 OC","Gigabyte","1459.00","0.00","1","5","6",NULL,"CALEX",NULL,NULL
"315","TARJETA DE VIDEO GIGABYTE RX 9060XT 8GB GAMING OC GDDR6","Gigabyte","1449.00","0.00","1","5","24",NULL,NULL,NULL,NULL
"316","TARJETA DE VIDEO RX 9060XT 8GB XFX 2X GDDR6 WHITE","XFX","1435.00","0.00","1","5","24",NULL,"CALEX",NULL,NULL
"317","TARJETA DE VIDEO RX 9060XT 8GB XFX 2X GDDR6 BLACK","XFX","1437.00","0.00","1","5","24",NULL,"CALEX",NULL,NULL
"318","TARJETA DE VIDEO, GIGABYTE EAGLE, GEFORCE RTX 4060 OC 8GB GDDR6","Gigabyte","1499.00","0.00","1","5","6",NULL,NULL,NULL,NULL
"319","TARJETA DE VIDEO, GIGABYTE, GAMING OC RTX 4060 8GB GDDR6 OC","Gigabyte","1499.00","0.00","1","5","6",NULL,"CALEX",NULL,NULL
"321","TARJETA DE VIDEO, ASUS TUF GAMING RTX 5060 8GB GDDR7 OC","Asus","1689.00","0.00","1","5","6",NULL,"CALEX",NULL,NULL
"322","TARJETA DE VIDEO RX 9060XT 8GB ASUS PRIME GDDR6","Asus","1626.00","0.00","1","5","24",NULL,"CALEX",NULL,NULL
"323","TARJETA DE VIDEO, MSI SHADOW 2X, RTX 5060TI 8GB GDDR7 OC BLACK","MSI","1656.00","1680.00","1","5","6","images/TARJETA_DE_VIDEO__MSI_SHADOW_2X__RTX_5060TI_8GB_GDDR7_OC_BLACK_1762193285.webp","CALEX",NULL,NULL
"325","TARJETA DE VIDEO GIGABYTE RX 9060XT 16GB GAMING OC GDDR6","Gigabyte","1752.00","0.00","1","5","24",NULL,"CALEX",NULL,NULL
"327","TARJETA DE VIDEO RX 9060XT 16GB XFX MERCURY 3X GDDR6 BLACK","XFX","1800.00","0.00","1","5","24",NULL,"CALEX",NULL,NULL
"331","TARJETA DE VIDEO, GIGABYTE, WINDFORCE RTX 4060TI 8GB GDDR6 OC","Gigabyte","1869.00","0.00","1","5","6",NULL,"CALEX",NULL,NULL
"332","TARJETA DE VIDEO, ASUS, DUAL OC RTX 5060TI 16GB GDDR7 OC","Asus","1879.00","0.00","1","5","6",NULL,"CALEX",NULL,NULL
"333","TARJETA DE VIDEO, MSI, VENTUS 2X RTX 5060TI 8GB GDDR7 OC","MSI","1960.00","0.00","1","5","6",NULL,"CALEX",NULL,NULL
"334","TARJETA DE VIDEO, GIGABYTE, WINDFORCE OC RTX 5060TI 16GB GDDR7 OC","Gigabyte","1895.00","0.00","1","5","6",NULL,"CALEX",NULL,NULL
"335","TARJETA DE VIDEO, MSI, GAMING OC RTX 5060TI 8GB GDDR7 OC","MSI","2060.00","0.00","1","5","6",NULL,"CALEX",NULL,NULL
"336","TARJETA DE VIDEO RX 9060XT 16GB ASUS TUF GDDR6 OC","Asus","1985.00","0.00","1","5","24",NULL,"CALEX",NULL,NULL
"337","TARJETA DE VIDEO, GIGABYTE, EAGLE RTX 5060TI 16GB GDDR7 OC","Gigabyte","2000.00","0.00","1","5","6",NULL,"CALEX",NULL,NULL
"338","TARJETA DE VIDEO, GIGABYTE, EAGLE RTX 5060TI 16GB GDDR7 OC","Gigabyte","2000.00","0.00","1","5","6",NULL,"CALEX",NULL,NULL
"339","TARJETA DE VIDEO, MSI, GAMING TRIO OC RTX 5060TI 8GB GDDR7 OC","MSI","2119.00","0.00","1","5","6",NULL,"CALEX",NULL,NULL
"340","TARJETA DE VIDEO, GIGABYTE, EAGLE MAX RTX 5060TI 16GB GDDR7 OC","Gigabyte","2049.00","0.00","1","5","6",NULL,"CALEX",NULL,NULL
"341","TARJETA DE VIDEO, GIGABYTE, GAMING OC RTX 5060TI 16GB GDDR7","Gigabyte","2096.00","0.00","1","5","6",NULL,"CALEX",NULL,NULL
"342","TARJETA DE VIDEO, ASUS PRIME, RTX 5060TI 16GB GDDR7 OC","Asus","2146.00","0.00","1","5","6",NULL,"CALEX",NULL,NULL
"343","TARJETA DE VIDEO, GIGABYTE, GEFORCE RTX 4070 12GB WINDFORCE","Gigabyte","2279.00","0.00","1","5","6",NULL,"CALEX",NULL,NULL
"344","TARJETA DE VIDEO, ASUS, GEFORCE RTX 4070 12GB DUAL","Asus","2276.00","0.00","1","5","6",NULL,"CALEX",NULL,NULL
"345","TARJETA DE VIDEO, ASUS TUF, RTX 4070 12GB GDDR6X OC","Asus","2435.00","0.00","1","5","6",NULL,"CALEX",NULL,NULL
"346","TARJETA DE VIDEO, MSI VENTUS 2X, RTX 5070 12GB GDDR7 OC","MSI","2699.00","0.00","1","5","6",NULL,"CALEX",NULL,NULL
"347","TARJETA DE VIDEO RX 9070 16GB XFX SWIFT GDDR6 BLACK","XFX","2771.00","0.00","1","5","24",NULL,"CALEX",NULL,NULL
"348","TARJETA DE VIDEO RX 9070 16GB XFX SWIFT GDDR6 WHITE","XFX","2781.00","0.00","1","5","24",NULL,"CALEX",NULL,NULL
"349","TARJETA DE VIDEO, ASUS, PRIME RX9070XT16GB GDDR6 PCI-E 5.0","Asus","2860.00","0.00","1","5","24",NULL,"CALEX",NULL,NULL
"350","TARJETA DE VIDEO RADEON GIGABYTE RX 9070 GAMING OC 16GB GDDR6","Gigabyte","2978.00","0.00","1","5","24",NULL,"CALEX",NULL,NULL
"351","TARJETA DE VIDEO RX 9070 16GB XFX QUICK SILVER GDDR6 BLACK","XFX","2884.00","0.00","1","5","24",NULL,"CALEX",NULL,NULL
"352","TARJETA DE VIDEO, GIGABYTE, RTX 5070 GAMING OC 12GB GDDR7 OC","Gigabyte","2999.00","0.00","1","5","6",NULL,"CALEX",NULL,NULL
"353","TARJETA DE VIDEO, GIGABYTE, RTX 5070 GAMING OC 12GB GDDR7 OC","Gigabyte","2999.00","0.00","1","5","6",NULL,"CALEX",NULL,NULL
"354","TARJETA DE VIDEO, ASUS TUF GAMING, RTX 5070 12GB GDDR7 OC","Asus","3099.00","0.00","1","5","6",NULL,"CALEX",NULL,NULL
"355","TARJETA DE VIDEO, ASUS TUF, RTX 4070TI 12GB GDDR6X OC","Asus","2980.00","0.00","1","5","6",NULL,"CALEX",NULL,NULL
"356","TARJETA DE VIDEO, ASUS PRIME, RTX 5070 12GB GDDR7 OC","Asus","3299.00","0.00","1","5","6",NULL,"CALEX",NULL,NULL
"358","TARJETA DE VIDEO, ROG ASTRAL, ASUS RTX 5080 16GB GDDR7 OC","Asus","6800.00","0.00","1","5","6",NULL,"CALEX",NULL,NULL
"359","TARJETA DE VIDEO GIGABYTE, AORUS MASTER ICE RTX 5080 OC 16GB GDDR7","Gigabyte","6981.00","0.00","1","5","6",NULL,"CALEX",NULL,NULL
"360","TARJETA DE VIDEO, ASUS TUF GAMING RTX 5080 OC 16GB GDDR7","Asus","6849.00","0.00","1","5","6",NULL,"CALEX",NULL,NULL
"361","TARJETA DE VIDEO, ROG ASTRAL, ASUS RTX 5090 32GB GDDR7 OC","Asus","12572.00","0.00","1","5","6",NULL,"CALEX",NULL,NULL
"362","TARJETA DE VIDEO, AORUS MASTER ELITE, RTX 5090 32GB GDDR7 OC","Aorus","12627.00","0.00","1","5","6",NULL,"CALEX",NULL,NULL
"363","TARJETA DE VIDEO MSI RTX 5060 SHADOW 2X OC 8GB GDDR7","MSI","1209.00","1280.00","1","5","6",NULL,"PCGOES",NULL,NULL
"365","TARJETA DE VIDEO PNY RTX 5060 8GB OC ARGB TRIPLE FAN","Pny","1475.00","0.00","1","5","6",NULL,"PCGOES",NULL,NULL
"366","PASTA TERMICA ARTIC MX6 4 G","Artic","22.50","0.00","1","16","23","images/PASTA_TERMICA_ARTIC_MX6_4_G_1761352058.webp",NULL,NULL,NULL
"367","FUENTE DE PODER CYBERTEL GAMING 350W REALES","Cybertel","57.00","62.00","1","6","27","images/FUENTE_DE_PODER_CYBERTEL_GAMING_350W_REALES_1761412718.webp",NULL,NULL,NULL
"368","MEMORIA RAM XPG GAMMIX 8GB 3200MHZ WHITE","XPG","115.00","0.00","1","2","29","images/MEMORIA_RAM_XPG_GAMMIX_16GB_3200MHZ_WHITE_1761414436.webp",NULL,NULL,NULL
"369","MEMORIA RAM LEXAR DRR4 16GB 3200MHz SODIMM","Lexar","139.00","0.00","1","2","29","images/MEMORIA_RAM_LEXAR_DRR4_16GB_3200MHz_SODIMM_1761416978.png",NULL,NULL,NULL
"370","MONITOR GAMER MSI MAG-32CQ6F CURVO 32″  VA WQHD 180HZ 0.5MS HDMI DP","MSI","822.00","1.00","2","8",NULL,"images/MONITOR_GAMER_MSI_MAG-32CQ6F_CURVO_32_____VA_WQHD_180HZ_0_5MS_HDMI_DP_1761419130.jpeg","PCGOES",NULL,NULL
"371","AURICULARES GAMER RAZER BLACKSHARK V2 BLACK","Razer","135.00","0.00","2","11",NULL,"images/AURICULARES_GAMER_RAZER_BLACKSHARK_V2_BLACK_1761420656.jpg",NULL,NULL,NULL
"372","MOUSE GAMER AttackShark X11 Rgb 59g 12400 DPI SENSOR PAW3311PRO","AttackShark","95.00","120.00","2","10",NULL,"images/MOUSE_GAMER_AttackShark_X11_Rgb_59g_12400_DPI_SENSOR_PAW3311PRO_1761421095.jpg",NULL,NULL,NULL
"373","TECLADO MECANICO GAMING ATTACKSHARK X85","AttackShark","225.00","0.00","2","9","12","images/TECLADO_MECANICO_GAMING_ATTACKSHARK_X85_1761421266.png",NULL,NULL,NULL
"374","TELCADO MECANICO GAMING ATTACKSHARK K86","Attackshark","225.00","0.00","2","9","12","images/TELCADO_MECANICO_GAMING_ATTACKSHARK_K86_1761421801.webp",NULL,NULL,NULL
"375","SERVICIO DE INSTALACION DE WINDOWS","INTEL","1.00","0.00","5","22",NULL,NULL,NULL,NULL,NULL
"376","INSTALACION DE SISTEMA OPERATIVO (SO)","Servicio","3.00","0.00","5","22",NULL,NULL,NULL,NULL,NULL
"378","REFRIGERACION LIQUIDA, MSI, CORELIQUID A13 360 ARGB BLACK","MSI","225.00","235.00","1","16","20","images/MSI_MAG_CoreLiquid_A13_360_1761799865.jpg","PCGOES","CALEX",NULL
"380","FUENTE DE PODER ROG GAMING X 750 WATTS 80 PLUS BRONCE","ROG Gaming","145.00","160.00","1","6","26",NULL,NULL,NULL,NULL
"381","FUENTE DE PODER ROG GAMING X 750 WATTS 80 PLUS BRONCE","ROG Gaming","145.00","160.00","1","6","26",NULL,NULL,NULL,NULL
"382","SSD HIKSEMI WAVER PRO 512GB","Hiksemi","112.00","0.00","1","3",NULL,"images/SSD_HIKSEMI_WAVER_PRO_512GB_1762190725.webp",NULL,NULL,NULL
"384","MEMORIA RAM XPG LANCER BLADE DDR5 RGB 16GB 6000Mhz","XPG","215.00","0.00","1","2","32","images/XPG_LANCER_BLADE_DDR5_RGB_16GB_6000Mhz_1762191888.webp",NULL,NULL,NULL
"386","MEMORIA RAM ARES ARMOR LITE DDR5 16GB 5600MHz","ARES ARMOR","163.00","205.00","1","2","31","images/MEMORIA_RAM_ARES_ARMOR_LITE_DDR5_16GB_5600MHz_1762192339.png",NULL,NULL,NULL
"387","FUENTE DE PODER SEMI-MODULAR ANTEC G750W 80 GOLD PLUS","ANTEC","199.00","0.00","1","6","28","images/FUENTE_DE_PODER_SEMI-MODULAR_ANTEC_G750W_80_GOLD_PLUS_1762192604.webp",NULL,NULL,NULL
"392","PLACA MADRE B860 GIGABYTE DS3H WIFI6E - INTEL LGA 1851","Gigabyte","500.00","515.00","1","4","34","images/PLACA_MADRE_B860_GIGABYTE_DS3H_WIFI6E_-_INTEL_LGA_1851_1762132386.png",NULL,NULL,NULL
"393","MEMORIA RAM HIKSEMI FUTURE DDR5 16GB 5600Mhz","Hiksemi","188.00","300.00","1","2","31","images/MEMORIA_RAM_HIKSEMI_FUTURE_DDR5_16GB_5600Mhz_1762192139.webp",NULL,NULL,NULL
"395","Case TEROS TE 1314G GAMING 4 fan ARGB","Teros","159.00","0.00","1","7","9","images/Case_TEROS_TE_1314G_GAMING_4_fan_ARGB_1762211205.jpg","MASPC",NULL,NULL
"396","MONITOR CURVO TEROS TE-3217G","Teros","700.00","0.00","2","8",NULL,"images/MONITOR_CURVO_TEROS_TE-3217G_1762212325.jpg",NULL,NULL,NULL
"397","MONITOR CURVO TEROS TE-3217G","Teros","700.00","0.00","2","8",NULL,"images/MONITOR_CURVO_TEROS_TE-3217G_1762212329.jpg",NULL,NULL,NULL
"398","AUDIFONOS HALION GAMING HA-S8","Halion","0.00","0.00","2","11",NULL,"images/AUDIFONOS_HALION_GAMING_HA-S8_1762271985.jpg",NULL,NULL,NULL
"399","LEXAR M.2 1TB","LEXAR","0.00","0.00","1","3",NULL,"images/LEXAR_M_2_1TB_1762381421.webp",NULL,NULL,NULL
"400","ALMACENAMIENTO MSI SPATIUM S2700 960GB","MSI","180.00","199.00","1","3",NULL,"images/ALMACENAMIENTO_MSI_SPATIUM_S2700_960GB_1762381586.webp",NULL,NULL,NULL
"401","USB HUB 4 EN 1 ASTROM H3400","ASTROM","0.00","0.00","2","11",NULL,"images/USB_HUB_4_EN_1_ASTROM_H3400_1762363835.webp",NULL,NULL,NULL
"403","ALMACENAMIENTO SSD M.2 WESTER DIGITAL 250 GB","WESTER DIGITAL","0.00","0.00","1","3",NULL,"images/ALMACENAMIENTO_SSD_M_2_WESTER_DIGITAL_250_GB_1762381770.webp",NULL,NULL,NULL
"404","ALMACENAMIENTO SSD M.2 WESTER DIGITAL 500 GB","WESTER DIGITAL","0.00","0.00","1","3",NULL,"images/ALMACENAMIENTO_SSD_M_2_WESTER_DIGITAL_500_GB_1762381898.jpg",NULL,NULL,NULL
"405","TP-LINK EXTENSOR DE RANGO TL-WA850RE","TP-LINK","0.00","0.00","1","23",NULL,"images/TP-LINK_EXTENSOR_DE_RANGO_TL-WA850RE_1762364139.webp",NULL,NULL,NULL
"406","ALMACENAMIENTO SSD SATA HP 480 GB","HP","0.00","0.00","1","3",NULL,"images/ALMACENAMIENTO_SSD_SATA_HP_480_GB_1762381964.webp",NULL,NULL,NULL
"407","ANTRYX EXTENSION DE 24 PINES 245mm ACE-24X1AR","Antryx","0.00","0.00","1","6",NULL,"images/ANTRYX_EXTENSION_DE_24_PINES_245mm_ACE-24X1AR_1762382024.webp",NULL,NULL,NULL
"408","AUDIFONOS MICRONICS GAMER MACHINE-FRANTIC MIC GH805","Micronics","0.00","0.00","2","11",NULL,"images/AUDIFONOS_MICRONICS_GAMER_MACHINE-FRANTIC_MIC_GH805_1762382132.webp",NULL,NULL,NULL
"409","CABLES HDMI","HDMI","0.00","0.00","2","8",NULL,NULL,NULL,NULL,NULL
"410","CASE HALION STUCA CR11 BLACK C/F 500w","HALION","0.00","0.00","1","7",NULL,"images/CASE_HALION_STUCA_CR11_BLACK_C_F_500w_1762382447.jpg",NULL,NULL,NULL
"411","CASE ROG GAMING X AEROSPACE ULTRA (RGB)","ROG Gaming","0.00","0.00","1","7",NULL,"images/CASE_ROG_GAMING_X_AEROSPACE_ULTRA__RGB__1762382904.jpg",NULL,NULL,NULL
"412","COMBO 4 EN 1 TEROS TE-4063N","Teros","0.00","0.00","2","15",NULL,"images/COMBO_4_EN_1_TEROS_TE-4063N_1762383068.jpg",NULL,NULL,NULL
"413","DISIPADOR AK400 DIGITAL (BLACK)","DEEP COOL","0.00","0.00","1","16",NULL,"images/DISIPADOR_AK400_DIGITAL__BLACK__1762383153.jpg",NULL,NULL,NULL
"414","DISIPADOR xigmatek AIR-KILLER PRO (RGB)","AIR-KILLER","0.00","0.00","1","16",NULL,"images/DISIPADOR_xigmatek_AIR-KILLER_PRO__RGB__1762383251.png",NULL,NULL,NULL
"415","DISIPADOR xigmatek AIR-KILLER S (WHITE)(RGB)","AIR-KILLER","0.00","0.00","1","16",NULL,"images/DISIPADOR_xigmatek_AIR-KILLER_S__WHITE__RGB__1762383372.jpg",NULL,NULL,NULL
"416","TECLAOD REDRAGON KUMARA K552W-KR","REDRAGON","0.00","0.00","2","9","10","images/TECLAOD_REDRAGON_KUMARA_K552W-KR_1762368443.webp",NULL,NULL,NULL
"417","FANE AIRBOOM SUPREME 5 AB 034 COOLER LAPTOP","AIRBOOM","0.00","0.00","1","16",NULL,"images/FANE_AIRBOOM_SUPREME_5_AB_034_COOLER_LAPTOP_1762383436.webp",NULL,NULL,NULL
"418","FANES AIRBOOM VEKTOR RGB (4 IN 1 )","AIRBOOM","70.00","80.00","1","16",NULL,"images/FANES_AIRBOOM_VEKTOR_RGB__4_IN_1___1762383636.webp",NULL,NULL,NULL
"419","FANES ROG GAMING X 400 (WHITE)(RGB) (4 IN 1)","ROG Gaming","0.00","0.00","1","16",NULL,NULL,NULL,NULL,NULL
"420","TECLADO REDRAGON KUMARA K552 RGB","REDRAGON","0.00","0.00","2","9","10","images/TECLADO_REDRAGON_KUMARA_K552_RGB_1762368748.webp",NULL,NULL,NULL
"421","FUENTE DE PODER AVATEC ELEMENTAL 600W","AVATEC","0.00","0.00","1","6",NULL,"images/FUENTE_DE_PODER_AVATEC_ELEMENTAL_600W_1762531605.jpg",NULL,NULL,NULL
"422","FUENTE DE PODER GAMEMAX GP PERFORMANCE 850W BRONZE","GAMEMAX GP","0.00","0.00","1","6",NULL,"images/FUENTE_DE_PODER_GAMEMAX_GP_PERFORMANCE_850W_BRONZE_1762531672.webp",NULL,NULL,NULL
"423","FUENTE DE PODER IFORGAME RP0600 ESPORTS 600W 80PLUS","IFORGAME","0.00","0.00","1","6",NULL,"images/FUENTE_DE_PODER_IFORGAME_RP0600_ESPORTS_600W_80PLUS_1762531886.png",NULL,NULL,NULL
"424","FUENTE DE PODER ROG GAMING ATX-600W (black)","ROG Gaming","0.00","0.00","1","6",NULL,"images/FUENTE_DE_PODER_ROG_GAMING_ATX-600W__black__1762532906.png",NULL,NULL,NULL
"425","FUENTE DE PODER ROG GAMING ATX-600W (white)","ROG Gaming","0.00","0.00","1","6",NULL,"images/FUENTE_DE_PODER_ROG_GAMING_ATX-600W__white__1762533425.png",NULL,NULL,NULL
"426","TECLADO REDRAGON FIZZPRO K616-RGB","REDRAGON","0.00","0.00","2","9","10","images/TECLADO_REDRAGON_FIZZPRO_K616-RGB_1762369398.webp",NULL,NULL,NULL
"427","TECLADO MECÀNICO QUASAR VSG BLACK EDITION","QUASAR","0.00","0.00","2","9","10","images/TECLADO_MEC__NICO_QUASAR_VSG_BLACK_EDITION_1762369619.webp",NULL,NULL,NULL
"428","FUENTE DE PODER RUIX GX 750 BRONZE","RUIX","0.00","0.00","1","6",NULL,"images/FUENTE_DE_PODER_RUIX_GX_750_BRONZE_1762533818.jpg",NULL,NULL,NULL
"429","FUENTE DE PODER RUIX GX 850 BRONZE","RUIX","0.00","0.00","1","6",NULL,"images/FUENTE_DE_PODER_RUIX_GX_850_BRONZE_1762533932.jpg",NULL,NULL,NULL
"430","MEMORIA RAM HIKSEMI ARMOR DDR4 16GB 3200Mhz","Hiksemi","0.00","0.00","1","2",NULL,"images/MEMORIA_RAM_HIKSEMI_ARMOR_DDR4_16GB_3200Mhz_1762534072.webp",NULL,NULL,NULL
"431","MEMORIA RAM QUANTUMX DDR5 16 GB","QUANTUMX","0.00","0.00","1","2",NULL,NULL,NULL,NULL,NULL
"432","TECLADO CYBERTEL PREMIER CYB WT802W (WHITE)","CYBERTEL","0.00","0.00","2","9","11","images/TECLADO_CYBERTEL_PREMIER_CYB_WT802W__WHITE__1762370591.webp",NULL,NULL,NULL
"433","MEMORIA RAM XPG GAMMIX D35 DDR4 8 GB (WHITE)","XPG","0.00","0.00","1","2",NULL,NULL,NULL,NULL,NULL
"434","TECLADO CYBERTEL PREMIER CYB WT802(BLACK)","CYBERTEL","0.00","0.00","2","9","11","images/TECLADO_CYBERTEL_PREMIER_CYB_WT802_BLACK__1762370867.webp",NULL,NULL,NULL
"435","TECLADO CYBERTEL EVOLUTION CYB WT801","CYBERTEL","0.00","0.00","2","9","11","images/TECLADO_CYBERTEL_EVOLUTION_CYB_WT801_1762371805.webp",NULL,NULL,NULL
"436","ADAPTADOR EXTERNO HDD/SSD 2.5"" USB 3.0","EXTERNAL CASE","0.00","0.00","1","3",NULL,NULL,NULL,NULL,NULL
"437","TECLADO CYBERTEL CYBERMAX GAMING STRIKER 3 K1008-3M","CYBERTEL","0.00","0.00","2","9","10","images/TECLADO_CYBERTEL_CYBERMAX_GAMING_STRIKER_3_K1008-3M_1762372227.webp",NULL,NULL,NULL
"438","ADAPTADOR VGA-HDMI +AUDIO IMPUT LANTUN OX1025","LANTUN","0.00","0.00","2","11",NULL,NULL,NULL,NULL,NULL
"439","AUDIFONOS REDRAGON ZEUS X - H510-RGB","REDRAGON","0.00","0.00","2","11",NULL,"images/AUDIFONOS_REDRAGON_ZEUS_X_-_H510-RGB_1762374461.webp",NULL,NULL,NULL
"440","PROCESADOR INTEL I5 13600KF (LGA1700)","Intel","0.00","0.00","1","1","4","images/PROCESADOR_INTEL_I5_13600KF__LGA1700__1762375960.jpg",NULL,NULL,NULL
"441","PLACA MADRE GIGABYTE H610 M K V2 (DDR5) (LGA 1700)","Gigabyte","0.00","0.00","1","4","16","images/PLACA_MADRE_GIGABYTE_H610_M_K_V2__DDR5___LGA_1700__1762376875.jpg",NULL,NULL,NULL
"442","PARLANTE EVERSOUND HANDY EV 50","EVERSOUND","0.00","0.00","2","13",NULL,"images/PARLANTE_EVERSOUND_HANDY_EV_50_1762377905.webp",NULL,NULL,NULL
"443","PARLANTE CYBERTEL EXXPERT CBX S500","CYBERTEL","0.00","0.00","2","13",NULL,"images/PARLANTE_CYBERTEL_EXXPERT_CBX_S500_1762378063.webp",NULL,NULL,NULL
"444","MOUSEPAD 90X40 CM","gamer","0.00","0.00","2","9","10","images/MOUSEPAD_90X40_CM_1762534028.webp",NULL,NULL,NULL
"445","MOUSE REDRAGON K1NG1K M724","REDRAGON","0.00","0.00","2","10",NULL,"images/MOUSE_REDRAGON_K1NG1K_M724_1762534239.jpg",NULL,NULL,NULL
"446","MOUSE MICRONICS X-BYTE MIC GM889","Micronics","0.00","0.00","2","10",NULL,"images/MOUSE_MICRONICS_X-BYTE_MIC_GM889_1762534497.jpeg",NULL,NULL,NULL
"447","Cambio de Case","Servicio","0.00","0.00","5","22",NULL,NULL,NULL,NULL,NULL
"448","INSTALACION DE PACK DE ADOBE","Servicio","0.00","0.00","5","22",NULL,NULL,NULL,NULL,NULL
"449","INSTALACION DE PACK AUOCAD, REVIT","Servicio","0.00","0.00","5","22",NULL,NULL,NULL,NULL,NULL
"450","INSTALACION O FORMATEO DE SISTEMA OPERATIVO","Servicio","0.00","0.00","5","22",NULL,NULL,NULL,NULL,NULL
"451","INSTALACION PACK OFICCE","Servicio","0.00","0.00","5","22",NULL,NULL,NULL,NULL,NULL
"452","INSTALACION OFFICE + LICENCIA ORIGINAL","Servicio","0.00","0.00","5","22",NULL,NULL,NULL,NULL,NULL
"453","MANTENIMIENTO DE LAPTOP DE ESCRITORIO","Servicio","0.00","0.00","5","22",NULL,NULL,NULL,NULL,NULL
"454","MANTENIMIENTO DE LAPTOP GAMER","Servicio","0.00","0.00","5","22",NULL,NULL,NULL,NULL,NULL
"455","MANTENIMIENTO PC DE ESCRITORIO","Servicio","0.00","0.00","5","22",NULL,NULL,NULL,NULL,NULL
"456","MANTENIMIENTO PC GAMER","Servicio","0.00","0.00","5","22",NULL,NULL,NULL,NULL,NULL
"457","PACK DE OFFICE + WINDOWS LICENCIAS","Servicio","0.00","0.00","5","22",NULL,NULL,NULL,NULL,NULL
"458","RECONSTRUCCION DE CARCASA","Servicio","0.00","0.00","5","22",NULL,NULL,NULL,NULL,NULL
"459","RECONSTRUCCION DE PANTALLA","Servicio","0.00","0.00","5","22",NULL,NULL,NULL,NULL,NULL
"460","REPARACION DE CARGADOR","Servicio","0.00","0.00","5","22",NULL,NULL,NULL,NULL,NULL
"461","REPONTECIACION DE RAM, SSD, N.V2","Servicio","0.00","0.00","5","22",NULL,NULL,NULL,NULL,NULL
"462","REVISION DE DIAGNOSTICO","Servicio","0.00","0.00","5","22",NULL,NULL,NULL,NULL,NULL
"463","SERVICIO DE DELIVERY","Servicio","0.00","0.00","5","22",NULL,NULL,NULL,NULL,NULL
"464","SOPORTE REMOTO (POR TEAMVIEWER O ANYDESK)","Servicio","0.00","0.00","5","22",NULL,NULL,NULL,NULL,NULL
"466","PLACA MADRE ASUS PRIME B760M-A DDR5 LGA1700","Asus","375.00","410.00","1","4","16","images/PLACA_MADRE_ASUS_PRIME_B760M-A_DDR5_LGA1700_1762976349.webp",NULL,NULL,NULL
"468","FUENTE DE PODER DEEPCOOL PL750D, 80 PLUS BRONZE, 750W","DEEPCOOL","0.00","0.00","1","6","26","images/FUENTE_DE_PODER_DEEPCOOL_PL750D__80_PLUS_BRONZE__750W_1763156516.webp",NULL,NULL,NULL
"470","CASE GAMER, MICRONICS, GAMING ATX MATRIX MIC CG808.6W 6FAN RGB BLACK","Micronics","0.00","0.00","1","7","7","images/CASE_GAMER__MICRONICS__GAMING_ATX_MATRIX_MIC_CG808_6W_6FAN_RGB_BLACK_1763165068.webp",NULL,NULL,NULL
"471","CASE VALORANT ATX 6 FAN MESH/ MALLA SIN FUENTE","Trueking","0.00","0.00","1","7","7","images/CASE_VALORANT_ATX_6_FAN_MESH__MALLA_SIN_FUENTE_1763222779.png",NULL,NULL,NULL
"472","LACA ASUS TUF GAMING B850-PLUS WIFI ATX DDR5 AMD AM5","Asus","850.00","0.00","1","4",NULL,NULL,NULL,NULL,NULL
"473","MOUSE REDRAGON INVADER PRO M719RGB-PRO","REDRAGON","0.00","0.00","2","10",NULL,"images/MOUSE_REDRAGON_INVADER_PRO_M719RGB-PRO_1763399155.jpg",NULL,NULL,NULL
"474","MOUSE LOGITECH LIGHTSYNC G203","LOGOTECH","0.00","0.00","2","10",NULL,"images/MOUSE_LOGITECH_LIGHTSYNC_G203_1763399940.jpg",NULL,NULL,NULL
"475","MOUSE LOGITECH HERO G502","LOGITECH","0.00","190.00","2","10",NULL,"images/MOUSE_LOGITECH_HERO_G502_1763400151.jpeg",NULL,NULL,NULL
"476","MOUSE ENKORE URBAN EKM203W","ENKORE","0.00","0.00","2","10",NULL,"images/MOUSE_ENKORE_URBAN_EKM203W_1763400390.webp",NULL,NULL,NULL
"477","MOUSE ENKORE GEOX INGRAVIDE EKM 121P","ENKORE","0.00","0.00","2","10",NULL,"images/MOUSE_ENKORE_GEOX_INGRAVIDE_EKM_121P_1763400614.webp",NULL,NULL,NULL
"478","MOUSE ENKORE FALCON ENK M321","ENKORE","0.00","0.00","2","10",NULL,"images/MOUSE_ENKORE_FALCON_ENK_M321_1763400774.webp",NULL,NULL,NULL
"479","MOUSE CYBERTEL ENDURE 3 CYB M702-3m","CYBERTEL","0.00","0.00","2","10",NULL,"images/MOUSE_CYBERTEL_ENDURE_3_CYB_M702-3m_1763400960.webp",NULL,NULL,NULL
"480","MOUSE CYBERTEL ENDURE 2 CYB M702w-2m","CYBERTEL","0.00","0.00","2","10",NULL,"images/MOUSE_CYBERTEL_ENDURE_2_CYB_M702w-2m_1763401134.jpg",NULL,NULL,NULL
"481","FUENTE DE PODER DEEPCOOL PL750D 80+ Bronce PCIe 5.0","DEEPCOOL","208.00","236.00","1","6","26","images/FUENTE_DE_PODER_DEEPCOOL_PL750D_80__Bronce_PCIe_5_0_1763406815.webp",NULL,NULL,NULL
"482","TECLADO LOGITECH K250 INALAMBRICO/BLUETOOTH BLACK","LOGITECH","54.00","57.00","2","9","11","images/TECLADO_LOGITECH_K250_INALAMBRICO_BLUETOOTH_BLACK_1763413713.webp",NULL,NULL,NULL
"483","TECLADO LOGITECH K250 INALAMBRICO/BLUETOOTH WHITE","LOGITECH","54.00","57.00","2","9","11","images/TECLADO_LOGITECH_K250_INALAMBRICO_BLUETOOTH_WHITE_1763413927.webp",NULL,NULL,NULL
"484","MOUSEPAD XL 40x90cm","Mousepad","0.00","0.00","2","10",NULL,NULL,NULL,NULL,NULL
"486","REFRIGERACION LIQUIDA DC360 PRO ARGB DISPLAY AIO CPU COOLER","CPE","299.00","310.00","1","16","20","images/REFRIGERACION_LIQUIDA_DC360_PRO_ARGB_DISPLAY_AIO_CPU_COOLER_1763424162.jpg",NULL,NULL,NULL
"487","FUENTE DE PODER SEMI-MODULAR ANTEC G850W 80 GOLD PLUS ANTEC","ANTEC","0.00","0.00","1","6","28","images/FUENTE_DE_PODER_SEMI-MODULAR_ANTEC_G850W_80_GOLD_PLUS_ANTEC_1763493922.webp",NULL,NULL,NULL
"488","PROCESADOR RYZEN 5 9600X (AM5)(DDR5)","Ryzen","0.00","0.00","1","1","3","images/PROCESADOR_RYZEN_5_9600X__AM5__DDR5__1763498829.jpg",NULL,NULL,NULL
"489","MEMORIA RAM TEAMGROUP T-FORCE DELTA RGB 16GB DDR5-6000MHz","T-FORCE","215.00","0.00","1","2","32","images/MEMORIA_RAM_TEAMGROUP_T-FORCE_DELTA_RGB_16GB_DDR5-6000MHz_1763569612.jpg",NULL,NULL,NULL
"490","SSD M.2 LEXAR 1TB NQ780 6500MB/S PCIE 4.0","LEXAR","225.00","0.00","1","3",NULL,"images/SSD_M_2_LEXAR_1TB_NQ780_6500MB_S_PCIE_4_0_1763569825.webp",NULL,NULL,NULL
"491","MEMORIA RAM KINGSTON SODDIM 16GB 2666MHZ","KINGSTON","115.00","165.00","1","2","30","images/MEMORIA_RAM_KINGSTON_SODDIM_16GB_2666MHZ_1763570020.jpg",NULL,NULL,NULL
"492","MEMORIA RAM WCHUDISK 16GB DDR4 3200MHZ","WCHUDISK","138.00","0.00","1","2","29",NULL,NULL,NULL,NULL
"493","PROCESADOR RYZEN 5 7500F","AMD","500.00","590.00","1","1","3","images/PROCESADOR_RYZEN_5_7500F_1763757719.jpg",NULL,NULL,NULL
"494","A620M-K PRIME","Asus","270.00","295.00","1","4","18",NULL,NULL,NULL,NULL
"495","SSD 500 GB  ROG GAMING X","ROG Gaming","135.00","165.00","1","3",NULL,"images/SSD_500_GB__ROG_GAMING_X_1763914860.jpg",NULL,NULL,NULL
"496","PROCESADOR RYZEN 3 3200G","Ryzen","241.00","0.00","1","1","3","images/PROCESADOR_RYZEN_3_3200G_1764011219.webp",NULL,NULL,NULL
"497","MEMORIA RAM KINGSTON FURY BEAST DDR4 16GB 3200MHZ","Kingston","180.00","235.00","1","2","29","images/MEMORIA_RAM_KINGSTON_FURY_BEAST_DDR4_16GB_3200MHZ_1764100527.jpg",NULL,NULL,NULL
"498","MEMORIA RAM KINGSTON FURY DDR4 8GB 3200MHZ","KINGSTON","90.00","115.00","1","2","29","images/MEMORIA_RAM_KINGSTON_FURY_DDR4_8GB_3200MHZ_1764100689.webp",NULL,NULL,NULL
"499","SSD HIKSEMI FUTURE LITE 512GB","HIKSEMI","152.00","0.00","1","3",NULL,"images/SSD_HIKSEMI_FUTURE_LITE_512GB_1764101002.jpg",NULL,NULL,NULL
"500","MEMORIA RAM SSD STEELLE & DECKER DDR5 16GB 4800MHZ","STEELLE & DECKER","235.00","270.00","1","2","35","images/MEMORIA_RAM_SSD_STEELLE___DECKER_DDR5_16GB_4800MHZ_1764101374.webp",NULL,NULL,NULL
"501","MEMORIA RAM STEELLE & DECKER DDR5 16GB  5600MHZ","STEELLE & DECKER","235.00","270.00","1","2","31","images/MEMORIA_RAM_STEELLE___DECKER_DDR5_16GB__5600MHZ_1764101505.webp",NULL,NULL,NULL
"502","SSD WESTERN DIGITAL","WD","117.00","0.00","1","3",NULL,"images/SSD_WESTERN_DIGITAL_1764101601.jpg",NULL,NULL,NULL
"503","MEMORIA RAM KINGSTON FURY BEAST DDR4 8GB 3200MHZ","KINGSTON","90.00","115.00","1","2","29","images/MEMORIA_RAM_KINGSTON_FURY_BEAST_DDR4_8GB_3200MHZ_1764101935.webp",NULL,NULL,NULL
